horas_estudadas,exercicios_concluidos,media_notas,dias_inativos,evasao
11,15,3.75,3,0
93,2,7.3,64,0
78,50,8.13,19,0
53,54,3.33,64,1
52,61,2.35,50,0
103,76,5.52,18,0
11,39,8.19,42,0
83,66,7.21,3,0
24,57,7.62,63,0
12,22,5.22,27,0
63,67,3.88,34,0
117,4,6.25,14,0
88,47,3.63,32,0
91,75,7.81,35,0
86,52,3.58,20,0
94,74,4.33,88,0
62,4,6.05,25,0
16,42,5.89,16,0
100,62,6.81,49,0
54,51,5.5,28,0
60,70,9.36,40,0
45,37,8.72,65,1
22,54,9.03,7,0
111,33,7.04,45,0
94,69,7.08,1,0
77,9,6.87,3,0
48,20,5.48,8,0
98,7,4.58,14,0
65,56,6.74,31,0
53,18,2.2,84,1
54,25,2.06,81,1
28,66,8.81,9,0
11,28,2.37,89,1
66,11,6.2,57,0
106,1,6.92,49,0
8,18,3.59,71,1
103,73,9.17,43,0
99,43,3.52,23,0
33,79,9.08,47,0
76,17,8.1,65,0
20,28,3.93,61,1
91,13,3.21,15,0
84,31,4.53,84,1
43,45,5.18,25,0
9,64,3.97,73,1
116,29,9.99,28,0
54,61,3.84,5,0
107,50,8.65,89,0
81,23,3.27,52,1
93,72,9.84,19,0
91,34,3.8,0,0
24,12,5.37,11,0
44,77,6.47,15,0
56,73,2.96,83,1
60,3,8.53,15,0
6,72,4.2,14,0
66,75,6.39,75,0
19,66,6.4,79,1
89,20,6.82,18,0
82,50,2.44,58,0
110,43,3.35,48,0
89,49,3.29,51,0
44,49,4.42,28,0
116,51,3.16,67,0
49,41,9.38,79,0
39,55,6.1,65,1
108,42,6.99,81,0
45,1,4.86,9,0
10,2,4.21,59,1
56,76,6.03,89,1
95,72,4.35,48,0
23,46,4.75,84,1
56,13,5.62,31,0
16,62,6.05,80,1
82,11,9.87,84,0
57,30,3.79,56,1
40,26,5.9,63,1
28,0,3.2,47,0
68,64,4.8,28,0
80,40,7.74,48,0
112,25,3.4,86,1
53,40,6.65,1,0
20,0,5.33,18,0
100,34,2.41,44,0
75,41,9.46,30,0
84,27,5.31,56,0
12,66,8.27,32,0
38,19,5.33,59,1
92,11,9.5,9,0
100,42,4.32,29,0
52,70,5.3,62,0
96,30,8.07,42,0
101,3,4.75,64,1
47,77,4.91,57,0
107,35,9.96,29,0
35,13,6.44,38,1
29,49,7.52,86,1
82,25,7.15,86,1
76,75,8.62,3,0
17,23,8.89,63,1
100,44,6.51,44,0
24,43,4.36,0,0
96,19,2.18,57,1
1,39,6.92,2,0
95,8,8.6,28,0
94,51,5.6,62,0
93,60,3.32,73,0
80,76,4.3,37,0
57,26,6.08,72,1
84,22,8.69,75,1
33,43,3.37,40,0
93,55,6.9,15,0
67,79,8.03,59,0
55,2,9.49,1,0
61,19,2.93,80,1
68,20,9.41,34,0
5,20,6.81,68,1
17,37,8.13,66,1
30,69,2.43,42,0
14,2,6.05,87,1
53,65,6.98,71,0
80,49,4.45,79,1
78,49,5.45,8,0
57,54,6.43,43,0
102,9,6.42,85,1
68,59,2.33,73,0
10,19,5.52,40,1
92,41,3.71,6,0
69,54,9.33,25,0
76,48,9.81,51,0
68,25,4.4,57,0
66,31,3.4,83,1
11,38,3.76,8,0
67,3,5.82,35,0
95,58,9.0,24,0
37,7,6.0,86,1
72,36,2.44,14,0
4,52,2.32,19,0
42,6,3.82,26,0
52,79,8.74,9,0
117,30,6.97,57,0
26,1,6.5,47,1
33,52,4.55,50,0
49,44,9.44,81,1
119,51,4.65,38,0
102,60,8.68,28,0
5,38,9.17,33,0
28,66,5.87,72,1
98,29,9.15,47,0
7,43,4.21,15,0
102,12,7.27,62,0
34,49,2.7,67,1
110,20,5.79,22,0
35,55,3.74,50,0
52,64,2.5,50,0
79,68,2.03,15,0
16,74,4.6,0,0
67,9,6.72,64,1
61,11,5.64,55,0
94,74,4.41,64,0
119,30,9.93,33,0
80,2,9.52,46,0
49,22,3.01,88,1
49,66,5.32,20,0
50,28,7.19,58,0
97,6,7.87,11,0
39,57,4.93,5,0
20,15,7.97,86,1
40,28,2.99,11,0
3,0,4.65,59,1
13,48,7.73,46,0
11,35,7.01,72,1
92,69,8.7,49,0
86,26,2.37,62,1
83,16,3.4,80,1
55,13,2.39,74,1
86,16,3.54,64,1
20,36,2.03,14,0
108,6,6.03,15,0
60,32,6.23,44,0
112,68,7.26,59,0
19,61,5.08,60,1
60,50,2.03,70,1
83,71,7.39,9,0
59,62,2.43,15,0
54,52,8.93,13,0
20,69,2.18,48,0
46,9,6.24,57,1
29,65,9.16,10,0
36,23,6.58,78,1
82,58,6.87,27,0
76,73,7.45,59,0
73,39,2.98,67,0
44,7,7.4,3,0
115,29,9.04,77,0
11,32,9.79,87,1
41,74,5.54,86,1
15,75,4.76,12,0
41,45,8.03,35,0
115,76,6.34,20,0
44,34,4.06,40,1
109,32,3.38,87,1
59,66,3.36,68,0
84,53,5.67,69,0
55,41,3.36,37,0
32,36,2.16,84,1
91,56,2.42,82,1
116,60,9.44,72,0
32,39,2.58,73,1
93,2,2.59,58,1
32,8,5.61,8,0
86,11,3.96,25,0
94,36,9.7,69,0
54,49,9.29,29,0
88,64,5.24,15,0
33,18,5.59,85,1
10,62,5.0,43,0
12,53,2.3,77,1
54,4,4.34,25,0
108,28,2.98,32,0
16,24,2.82,30,0
55,70,6.49,33,0
84,73,2.79,39,0
25,65,2.82,26,0
86,42,5.84,73,1
37,39,5.54,29,0
97,24,3.1,39,0
69,61,2.04,77,1
66,6,3.54,39,0
22,21,3.89,0,0
56,10,8.4,0,0
102,39,9.32,39,0
3,23,5.25,58,1
91,15,5.24,84,1
59,30,7.7,11,0
86,68,7.02,48,0
79,44,3.47,26,0
52,65,2.86,40,0
37,73,5.5,39,0
75,72,6.52,28,0
17,28,3.11,1,0
70,70,4.35,6,0
12,72,4.45,47,0
78,76,4.09,20,0
75,28,5.69,29,0
11,18,7.22,8,0
91,46,6.08,4,0
50,74,3.61,11,0
94,72,2.82,33,0
5,45,8.57,14,0
22,11,5.83,20,0
59,33,2.5,27,0
23,57,4.06,26,0
40,44,8.43,0,0
79,27,8.01,10,0
18,27,9.01,85,1
81,4,6.82,60,0
13,23,5.38,11,0
21,53,5.41,25,0
70,19,3.55,34,0
95,79,7.21,81,0
21,6,6.68,79,1
36,47,3.24,69,1
111,39,9.09,9,0
118,66,4.95,44,0
70,71,2.4,43,0
54,43,4.62,57,0
42,50,8.96,76,0
73,55,9.34,28,0
71,41,5.92,50,0
36,14,9.65,23,0
3,34,9.0,18,0
19,19,8.6,28,0
115,37,8.88,66,0
50,49,5.06,39,0
58,16,8.05,61,0
56,19,6.62,62,1
94,65,7.76,32,0
8,30,3.42,85,1
10,15,7.85,4,0
33,57,9.66,80,1
58,57,4.42,0,0
80,66,9.89,34,0
59,60,5.03,74,1
53,79,3.6,61,0
112,45,2.9,28,0
20,22,8.28,79,1
69,69,6.44,12,0
65,21,4.46,60,0
57,23,6.87,46,0
97,66,4.66,18,0
32,70,5.59,82,1
114,27,8.9,68,0
40,58,7.35,0,0
65,73,8.1,7,0
62,63,6.67,5,0
102,0,9.93,37,0
53,53,3.93,37,0
34,13,4.1,65,1
3,67,2.74,60,1
44,5,6.43,1,0
99,79,6.91,42,0
2,14,7.81,70,1
107,33,4.68,80,0
65,18,2.1,26,0
17,65,7.06,3,0
36,31,9.99,13,0
66,59,4.36,30,0
38,5,3.47,39,1
13,36,4.25,31,0
80,72,5.4,8,0
80,74,4.01,30,0
15,16,4.78,26,0
34,31,7.11,43,0
30,32,4.76,7,0
79,45,5.17,71,0
87,42,2.32,37,0
87,8,9.34,28,0
112,61,5.26,81,0
92,18,4.63,67,1
39,25,2.69,12,0
13,67,7.07,13,0
74,55,8.91,0,0
110,31,2.33,50,0
117,72,3.16,31,0
28,31,3.17,33,0
29,45,6.82,45,0
5,19,9.37,48,1
17,14,5.5,0,0
67,39,4.75,9,0
66,45,8.13,71,0
45,64,7.94,85,1
37,31,3.97,75,1
99,71,3.29,81,0
55,48,4.86,41,0
97,5,8.2,74,1
115,59,7.56,79,0
38,45,7.33,80,1
25,31,8.64,13,0
114,37,4.22,13,0
76,24,4.72,36,0
35,49,2.34,45,0
75,45,8.95,86,1
62,35,6.66,28,0
108,22,4.38,74,1
31,31,2.56,79,1
118,39,7.79,86,0
112,37,7.99,17,0
22,24,7.33,21,0
20,46,3.63,19,0
64,18,9.31,66,0
6,40,8.03,61,1
36,9,7.26,36,0
52,37,7.21,8,0
116,62,9.23,46,0
119,65,9.43,65,0
19,55,6.77,42,0
107,59,5.33,24,0
11,5,4.91,53,1
90,27,8.55,59,0
101,52,7.16,53,0
107,64,2.62,78,0
27,46,3.14,28,0
107,68,9.2,54,0
14,21,9.08,76,1
62,12,9.61,19,0
56,6,5.42,25,0
38,46,8.27,4,0
3,53,8.63,33,0
92,22,4.53,4,0
40,62,3.16,67,1
79,59,9.98,7,0
49,28,2.24,62,1
45,19,6.78,52,1
106,59,7.2,88,0
12,53,7.45,31,0
88,13,4.05,31,0
89,20,7.77,21,0
46,38,3.73,48,1
32,40,8.63,19,0
1,13,3.75,10,0
112,75,7.57,85,0
113,31,8.27,61,0
29,30,3.51,10,0
4,4,3.9,55,1
15,70,8.23,27,0
9,18,2.69,16,0
99,78,3.53,42,0
107,39,5.64,70,0
19,69,9.44,0,0
89,14,6.5,31,0
22,13,5.1,82,1
44,64,9.83,35,0
72,65,5.71,8,0
86,43,5.47,38,0
105,2,5.29,61,1
6,75,4.5,89,1
24,31,4.61,56,0
34,74,7.5,4,0
37,69,2.33,72,1
119,68,7.45,70,0
93,55,3.61,58,0
39,53,5.07,80,1
116,42,3.17,69,0
60,1,6.42,20,0
60,31,7.83,37,0
52,58,4.84,45,0
18,64,3.31,43,0
112,44,3.81,57,0
2,56,8.54,63,0
21,1,4.14,9,0
28,37,8.2,51,0
34,40,4.65,3,0
16,71,3.51,46,0
3,24,7.82,37,1
81,18,5.75,18,0
116,28,2.25,89,1
15,13,9.68,23,0
36,44,3.18,5,0
61,51,4.83,32,0
111,64,5.08,68,0
83,77,5.92,0,0
92,5,8.28,44,0
70,19,2.05,37,1
50,24,9.46,77,1
24,19,7.17,0,0
103,66,9.61,1,0
96,11,8.54,50,0
3,2,9.42,16,0
86,68,6.81,63,0
11,76,4.86,25,0
88,18,5.54,50,0
99,26,7.26,3,0
16,40,5.42,62,1
52,42,7.85,46,0
15,79,2.73,0,0
68,32,8.64,23,0
111,0,3.63,5,0
10,33,9.55,4,0
48,44,3.24,62,1
116,41,3.03,38,0
36,40,8.5,72,0
16,73,8.55,23,0
59,64,7.91,64,0
61,20,9.68,55,0
79,28,4.16,59,0
38,53,8.61,74,1
114,32,4.82,63,0
63,34,6.3,67,0
35,13,5.56,66,1
115,20,2.05,40,0
111,59,6.6,65,0
60,67,7.98,75,0
3,62,3.4,66,1
72,24,9.45,54,0
67,10,6.24,6,0
18,12,3.43,39,1
76,31,7.17,5,0
101,41,3.54,9,0
13,71,2.51,32,0
87,71,7.48,41,0
17,0,2.89,47,1
90,56,2.85,81,1
50,23,7.92,68,1
1,15,2.44,38,1
115,44,8.48,30,0
20,2,8.37,64,1
71,26,3.13,24,0
22,44,6.15,79,1
112,21,2.77,70,1
88,47,7.06,61,0
96,36,2.5,22,0
52,63,9.56,55,0
56,14,3.66,73,1
76,4,7.46,6,0
94,42,3.03,15,0
101,20,3.68,46,0
3,56,5.61,32,0
79,7,6.58,63,1
13,46,9.99,36,0
35,79,2.21,89,1
99,7,2.0,26,0
30,24,4.8,32,0
95,67,4.93,0,0
56,42,9.07,22,0
28,13,9.3,21,0
40,17,9.04,68,1
64,61,3.15,30,0
92,68,5.3,18,0
73,28,7.97,28,0
112,37,4.5,50,0
104,62,7.31,70,0
90,14,3.9,88,1
72,16,4.59,4,0
35,61,8.88,75,0
50,14,4.0,35,1
15,61,9.71,72,1
45,39,4.45,3,0
111,79,2.19,56,0
51,2,4.04,83,1
14,75,3.37,3,0
78,18,6.05,71,1
115,2,2.9,10,0
104,57,7.01,88,1
33,42,9.0,66,0
55,66,4.9,81,0
64,8,3.35,80,1
30,6,5.2,28,1
32,45,8.29,37,0
29,70,6.73,62,0
119,32,2.81,15,0
89,63,6.3,27,0
101,72,5.74,8,0
98,69,4.62,79,0
115,40,2.88,22,0
13,55,9.85,36,0
105,42,3.41,40,0
8,53,3.54,33,0
57,45,3.16,70,1
71,42,6.56,82,1
43,34,5.55,51,0
18,52,4.0,75,1
23,60,5.44,9,0
99,73,7.39,86,0
38,49,4.25,10,0
37,8,9.32,5,0
110,46,4.45,2,0
18,25,3.59,21,0
109,2,9.64,75,1
110,5,8.48,27,0
72,47,4.75,71,0
20,75,8.73,38,0
19,40,6.15,9,0
34,35,4.77,42,0
69,7,8.72,20,0
19,54,8.02,26,0
55,4,4.38,46,1
14,67,6.85,71,1
65,65,4.96,52,0
3,79,2.01,20,0
85,22,9.69,64,0
7,12,6.4,62,1
24,23,6.79,21,0
21,63,6.8,76,1
99,17,6.41,75,0
7,70,4.32,54,0
52,12,9.77,26,0
71,3,6.97,31,0
62,17,7.37,39,0
82,60,5.64,16,0
96,48,4.3,27,0
47,28,2.51,12,0
99,52,4.8,13,0
38,51,3.41,66,1
118,44,7.3,11,0
61,41,9.03,42,0
88,8,4.42,38,0
105,20,4.66,4,0
95,42,7.36,74,0
102,10,3.19,88,1
64,38,9.44,57,0
6,9,4.91,60,1
59,62,2.81,20,0
22,8,3.4,75,1
106,7,9.46,70,0
29,51,3.98,39,0
28,17,7.3,63,1
30,28,3.25,85,1
77,25,3.55,54,1
68,17,9.03,17,0
113,60,3.18,29,0
50,55,2.15,16,0
34,19,6.01,29,1
6,54,8.9,80,1
1,57,4.61,17,0
45,43,3.03,80,1
111,46,9.86,25,0
63,74,7.41,44,0
107,36,8.81,47,0
13,30,8.02,11,0
12,43,7.59,16,0
100,66,5.08,27,0
13,56,4.59,5,0
7,6,7.74,67,1
49,36,7.73,49,0
111,59,9.6,76,0
83,17,6.55,77,1
12,79,4.36,31,0
100,64,5.92,73,0
101,67,6.91,5,0
96,6,5.41,38,0
108,46,8.33,59,0
29,42,6.68,41,0
117,50,2.08,66,0
39,68,6.56,77,0
96,28,7.07,38,0
69,42,9.32,24,0
93,54,5.31,52,0
75,60,6.6,78,1
77,61,5.8,88,0
74,26,6.25,73,1
93,79,2.54,22,0
88,0,9.18,18,0
17,39,9.28,51,0
99,48,6.38,36,0
64,4,6.45,54,1
39,36,2.46,83,1
62,47,6.78,49,0
116,48,5.43,31,0
103,9,7.67,78,0
100,22,2.38,39,0
56,19,7.69,54,0
94,51,4.3,12,0
46,26,7.21,45,0
82,45,7.02,38,0
77,58,3.81,11,0
30,63,5.52,19,0
32,14,8.69,63,1
8,72,6.84,16,0
17,13,2.55,11,0
52,1,5.54,5,0
57,3,4.49,2,0
20,16,7.13,39,0
50,69,6.92,43,0
72,16,2.08,56,1
28,55,6.86,51,0
41,33,7.88,48,0
44,3,8.15,89,1
61,35,2.47,22,0
44,2,4.43,64,1
88,38,5.37,7,0
39,44,3.44,76,1
52,41,5.37,32,0
46,22,2.57,31,0
22,61,2.91,12,0
82,47,7.35,45,0
29,20,4.1,35,0
36,34,7.69,87,1
95,8,2.38,16,0
113,73,6.5,37,0
80,60,5.13,81,0
110,23,8.38,72,0
102,53,8.27,68,0
58,54,5.0,47,0
92,48,6.98,78,0
40,4,3.82,20,0
55,70,6.64,72,0
64,76,2.65,52,0
115,77,5.48,31,0
101,78,3.46,19,0
59,74,9.07,46,0
78,59,5.56,0,0
25,4,6.73,64,1
96,37,4.88,21,0
66,19,4.31,35,1
64,17,3.62,17,0
92,66,9.29,41,0
76,65,8.4,33,0
9,41,3.07,16,0
35,58,7.97,79,0
22,10,5.35,68,1
88,17,2.12,34,0
5,68,6.23,5,0
25,36,3.04,76,1
72,43,3.68,62,0
83,37,7.57,50,0
60,16,4.06,54,0
103,66,9.14,0,0
110,60,7.26,42,0
16,54,8.66,16,0
114,28,6.92,58,0
74,51,8.95,83,1
76,76,4.89,47,0
12,51,6.39,54,0
75,39,6.13,60,0
87,21,9.23,83,0
70,41,3.32,3,0
11,29,6.62,27,0
63,48,8.04,24,0
112,3,4.96,64,1
87,15,8.94,40,0
17,62,4.98,69,1
115,30,3.39,42,0
115,34,6.67,87,1
21,43,5.36,69,1
96,35,2.12,1,0
49,60,2.56,88,1
71,19,3.56,85,1
53,60,8.15,3,0
94,16,9.14,35,0
119,29,6.37,87,0
95,47,2.84,75,0
111,70,6.28,42,0
113,18,8.84,49,0
11,46,8.0,2,0
31,5,4.33,50,1
86,6,2.99,59,1
71,61,9.21,32,0
6,57,8.83,27,0
12,30,2.43,74,1
62,49,8.59,40,0
74,30,2.78,23,0
20,22,2.51,33,1
21,34,8.07,44,0
16,24,6.29,23,0
68,65,5.32,50,0
1,32,9.23,77,1
69,25,8.71,66,1
57,42,2.46,20,0
56,60,6.93,42,0
81,21,8.18,48,0
63,75,6.4,61,0
87,37,9.86,68,0
91,52,7.49,43,0
110,76,2.83,28,0
96,34,3.59,59,0
62,15,8.61,11,0
59,59,9.97,60,0
29,0,2.79,80,1
72,36,2.8,63,1
17,78,8.11,39,0
111,33,2.51,74,0
101,54,2.55,47,0
15,42,9.11,48,0
94,17,8.4,76,0
14,25,9.05,17,0
86,41,7.2,70,0
11,8,4.58,61,1
59,33,9.25,47,0
79,33,4.39,6,0
87,66,4.2,68,0
50,9,9.09,19,0
110,67,7.45,80,0
93,32,9.17,71,0
25,52,3.25,32,0
80,44,9.62,39,0
87,23,6.9,2,0
40,74,7.34,44,0
88,17,9.31,5,0
107,2,5.05,88,1
98,60,7.76,57,0
91,49,7.12,21,0
76,71,8.3,72,0
33,36,9.18,1,0
95,1,7.44,49,0
44,1,2.54,10,0
64,34,3.47,4,0
38,19,9.63,22,0
38,73,9.75,26,0
19,9,9.74,65,1
115,70,2.29,80,0
18,17,5.06,69,1
11,9,8.08,66,1
112,21,8.02,50,0
67,11,2.69,33,0
53,32,6.88,22,0
88,26,3.14,85,1
46,42,5.95,46,0
16,42,3.92,50,1
87,0,2.43,1,0
21,9,2.64,41,1
66,12,9.29,61,0
113,15,7.96,44,0
112,7,9.45,55,0
43,25,5.76,72,1
93,43,5.31,1,0
73,24,4.87,81,1
58,26,6.93,73,1
17,37,4.81,37,0
45,43,7.97,68,0
78,26,8.41,5,0
118,17,9.01,27,0
1,32,3.94,9,0
86,1,6.22,57,0
101,39,3.79,77,1
114,75,2.3,54,0
51,31,7.66,64,0
15,8,6.39,12,0
33,56,7.79,84,1
102,10,2.7,17,0
105,15,9.96,47,0
76,11,9.95,61,1
15,70,5.72,77,1
15,78,8.93,84,1
57,45,3.95,53,0
71,49,7.9,51,0
4,51,9.03,37,0
82,48,8.52,51,0
65,43,8.49,60,0
2,78,5.7,58,1
12,58,8.56,53,0
55,7,7.53,39,0
86,31,3.06,17,0
99,77,2.91,4,0
52,32,8.18,37,0
36,16,7.0,35,0
116,69,6.16,54,0
55,49,9.26,81,1
38,45,7.28,63,1
53,33,5.17,72,1
2,9,5.31,52,1
36,30,6.84,83,1
62,34,8.08,84,1
110,74,6.51,13,0
88,24,6.07,57,0
93,11,7.82,45,0
65,34,7.64,87,1
14,79,8.64,52,0
47,38,2.5,1,0
119,30,8.04,18,0
6,53,6.11,11,0
105,51,2.6,18,0
82,23,7.43,8,0
34,77,7.73,70,1
93,47,6.19,44,0
100,4,8.35,60,0
6,32,4.4,89,1
13,73,3.62,58,1
80,31,4.81,43,0
119,45,5.28,24,0
3,49,7.57,67,1
80,56,8.76,45,0
17,69,7.77,68,1
78,11,3.39,2,0
75,41,4.93,14,0
11,42,3.27,11,0
82,12,7.49,61,0
107,53,3.99,46,0
103,9,6.2,28,0
4,36,8.33,27,0
30,26,7.37,54,1
29,12,4.39,86,1
54,65,4.66,89,1
18,19,7.23,42,0
102,20,6.4,60,0
93,68,2.77,7,0
97,70,8.99,85,0
24,2,6.1,1,0
2,22,5.79,30,0
109,56,3.59,65,0
35,62,5.02,87,1
79,79,4.66,15,0
109,44,4.17,59,0
5,0,6.54,16,0
1,69,5.7,4,0
1,12,9.11,38,0
19,9,9.53,51,1
7,53,3.76,23,0
98,48,2.8,87,1
73,4,8.28,55,0
117,13,9.96,39,0
96,47,8.91,43,0
115,20,2.19,41,0
29,54,4.01,10,0
35,32,2.35,54,1
102,47,8.57,70,0
30,37,6.65,37,0
7,29,6.11,38,0
80,27,6.44,81,1
96,55,4.02,54,0
116,41,6.81,26,0
111,47,2.25,0,0
15,46,7.17,74,1
92,16,7.88,56,0
101,73,7.38,56,0
84,45,4.66,25,0
98,57,8.61,16,0
100,70,7.72,44,0
54,73,3.03,68,1
5,53,3.56,26,0
55,62,7.1,47,0
25,37,4.32,89,1
14,59,2.96,19,0
15,25,3.24,20,1
83,56,3.32,21,0
61,6,5.82,82,1
65,73,6.86,47,0
89,19,3.41,82,1
66,52,7.7,85,0
75,0,4.25,37,0
11,12,4.49,4,0
102,78,3.79,27,0
54,66,8.28,48,0
19,17,9.68,34,0
97,10,5.94,0,0
88,65,2.34,89,1
7,79,4.08,27,0
23,13,3.26,55,1
2,53,8.74,85,1
33,22,2.68,49,1
12,59,9.73,62,0
85,33,6.71,3,0
63,10,6.14,62,1
117,25,8.78,76,0
90,43,2.22,82,1
73,63,8.22,7,0
61,1,2.93,20,0
7,76,8.73,4,0
9,51,6.23,82,1
74,70,2.49,24,0
1,74,8.67,47,0
6,12,2.22,42,1
27,7,3.11,61,1
106,62,8.38,80,0
55,15,5.72,29,0
85,11,9.05,71,1
49,37,7.08,26,0
21,73,6.99,17,0
45,63,4.34,9,0
11,41,3.07,33,0
92,15,9.69,50,0
22,26,2.84,70,1
45,55,6.23,76,0
117,12,4.18,47,0
71,41,4.11,36,0
55,0,6.76,15,0
65,26,8.38,82,1
94,19,8.22,35,0
31,54,8.95,68,0
76,73,4.34,56,0
104,11,5.73,83,1
69,63,2.07,87,1
54,52,7.97,63,0
18,77,4.42,59,0
30,72,6.49,12,0
113,8,3.35,1,0
65,59,8.56,49,0
36,47,8.54,63,0
50,9,9.02,67,1
69,20,2.37,22,0
64,74,9.94,45,0
84,43,3.98,77,1
31,27,4.48,8,0
78,25,3.99,34,0
53,67,4.14,85,1
112,22,6.42,17,0
19,12,3.92,28,0
18,45,5.15,42,1
55,79,7.24,61,0
61,14,8.69,22,0
83,20,7.54,71,0
49,37,6.75,21,0
109,15,3.18,33,0
57,52,8.53,51,0
16,20,2.3,1,0
15,10,4.11,69,1
116,20,2.46,60,1
16,74,7.34,75,0
113,74,4.95,24,0
34,40,7.22,35,0
12,32,4.78,80,1
37,65,5.65,6,0
74,15,5.66,44,0
51,52,2.36,43,0
94,54,5.44,40,0
73,56,7.13,39,0
48,17,6.37,67,1
76,57,2.6,17,0
116,48,7.34,80,0
50,70,4.47,80,1
19,13,2.12,16,1
49,49,3.24,87,1
100,66,5.98,23,0
26,22,4.48,4,0
113,59,7.56,35,0
71,7,3.93,71,1
72,57,8.18,76,0
38,48,4.29,58,1
110,15,6.97,73,0
5,5,8.39,23,0
36,59,5.08,79,1
50,19,2.37,57,1
57,39,6.28,12,0
57,4,9.96,11,0
18,77,9.75,24,0
27,43,3.77,6,0
12,74,8.05,25,0
69,12,4.76,89,1
42,16,3.28,21,0
68,48,7.33,57,0
71,48,6.01,87,1
84,63,6.31,22,0
66,74,8.62,62,0
78,65,4.69,40,0
70,11,7.34,25,0
78,24,4.93,85,1
74,73,2.34,59,0
38,43,5.02,39,0
30,69,9.6,73,0
94,45,5.87,81,0
41,3,2.87,70,1
66,37,7.5,78,0
24,65,9.71,28,0
52,52,9.26,30,0
64,10,6.58,20,0
75,16,5.01,62,1
63,68,6.65,72,0
43,78,8.53,59,0
115,60,8.89,53,0
62,7,8.55,69,1
97,49,5.64,16,0
88,66,2.95,32,0
67,51,6.55,63,0
106,47,3.25,4,0
16,37,2.49,81,1
110,19,5.99,15,0
102,22,7.24,70,1
60,59,8.83,55,0
88,5,8.26,76,1
62,6,8.86,69,1
32,31,8.08,46,0
96,61,7.63,68,0
30,52,2.08,31,0
38,47,7.01,52,0
62,42,2.96,82,1
100,8,2.47,7,0
46,26,3.25,32,0
59,6,8.59,1,0
5,60,7.95,48,0
14,60,9.59,70,0
7,20,9.83,3,0
9,23,9.15,49,1
104,25,3.06,37,0
101,71,9.03,70,0
98,39,8.71,19,0
7,60,8.97,14,0
10,35,3.21,8,0
34,55,2.93,36,0
68,42,9.39,43,0
40,22,3.39,82,1
59,70,4.95,41,0
21,56,5.65,15,0
87,61,3.0,62,0
38,75,2.17,5,0
8,19,9.95,31,0
89,7,9.01,58,0
108,46,9.3,22,0
2,26,4.28,53,1
52,34,3.76,40,0
99,18,5.41,85,1
85,31,5.63,25,0
102,31,2.04,81,1
50,28,8.23,56,0
45,59,9.97,67,0
85,47,6.23,15,0
19,37,5.11,1,0
29,9,5.14,65,1
72,45,2.77,43,0
80,14,4.13,27,0
15,25,6.02,80,1
61,33,5.45,29,0
44,11,6.36,39,0
60,31,8.79,65,0
115,21,3.8,86,1
10,67,2.22,80,1
119,68,2.31,58,0
54,0,3.07,9,0
92,48,6.56,9,0
51,51,8.47,62,0
38,30,9.09,45,0
92,37,7.08,11,0
82,63,5.23,62,0
18,30,3.24,84,1
84,5,5.21,5,0
90,29,4.66,74,1
47,20,8.96,31,0
111,30,5.89,35,0
77,18,3.81,64,0
40,11,4.31,22,0
2,78,3.09,14,0
81,10,9.35,86,1
25,56,2.4,31,0
91,57,2.1,15,0
63,49,3.46,62,1
56,72,8.49,19,0
20,0,6.19,69,1
85,24,7.01,6,0
20,14,4.86,46,1
50,46,2.55,36,0
100,50,8.85,86,0
110,71,3.54,46,0
118,30,2.26,83,1
115,18,6.58,22,0
67,73,2.67,42,0
24,53,2.77,73,1
100,61,8.4,14,0
96,35,5.93,83,0
118,35,3.93,69,0
78,31,4.79,60,1
17,59,7.83,21,0
60,16,2.53,73,1
54,78,2.93,75,0
101,14,6.93,26,0
47,36,6.86,52,0
40,25,9.78,5,0
10,51,5.0,35,0
100,54,2.52,13,0
90,73,6.3,50,0
5,63,7.11,49,0
52,19,3.12,47,1
58,16,6.42,60,1
56,70,3.58,83,1
110,39,8.76,17,0
18,7,8.68,19,0
37,65,5.44,19,0
22,51,9.73,83,0
30,2,9.84,8,0
108,62,3.03,2,0
112,48,4.94,14,0
6,49,6.8,69,1
76,69,2.68,52,0
28,39,5.06,82,1
23,36,4.09,18,0
35,49,9.62,35,0
24,15,5.29,49,1
59,12,8.1,6,0
119,67,5.09,82,0
70,17,3.05,72,1
87,40,8.91,12,0
59,21,2.0,75,1
2,18,2.45,40,1
11,47,4.92,30,0
32,64,7.5,85,1
29,35,4.73,46,1
101,11,2.53,20,0
101,19,4.54,72,0
102,13,3.96,64,0
76,70,2.04,17,0
67,25,6.28,60,1
78,29,2.93,56,0
49,5,4.3,24,0
80,35,7.13,38,0
95,73,7.8,75,0
91,32,4.11,15,0
74,52,4.63,65,0
7,14,3.98,74,1
87,11,9.66,84,1
44,58,3.52,29,0
89,5,3.47,23,0
65,35,5.56,84,0
105,25,3.51,41,0
41,1,3.25,51,1
111,42,2.77,46,0
101,77,7.12,46,0
40,5,6.9,56,0
58,65,7.2,38,0
64,43,8.19,35,0
92,57,4.61,36,0
83,7,9.35,59,0
102,69,7.87,73,0
45,0,8.44,49,1
61,72,7.77,60,0
52,52,4.87,37,0
109,26,4.26,69,0
37,0,5.38,35,0
70,48,2.78,37,0
15,6,5.61,4,0
102,48,2.35,23,0
46,61,2.03,66,1
41,21,9.45,7,0
70,19,7.51,20,0
60,17,6.49,69,1
101,17,4.73,78,1
64,9,6.56,37,0
62,19,9.13,36,0
13,52,7.22,45,0
3,24,6.82,69,1
48,62,5.68,42,0
119,65,4.77,15,0
110,60,7.59,38,0
75,43,9.85,22,0
76,25,5.4,61,0
47,74,5.14,12,0
22,16,5.42,54,1
2,37,5.4,11,0
41,36,9.92,87,1
38,59,7.65,57,0
23,43,4.87,12,0
31,63,4.97,86,1
3,73,5.45,51,0
73,31,2.29,54,0
111,69,6.22,5,0
83,13,8.49,16,0
54,73,7.28,72,0
51,14,3.59,42,1
37,68,7.82,55,0
17,31,7.76,88,1
72,77,4.1,38,0
68,10,6.98,34,0
1,37,6.89,72,1
50,72,8.72,5,0
34,3,3.09,40,0
21,21,3.56,76,1
84,6,5.89,20,0
63,25,2.35,27,0
76,31,5.32,42,0
85,49,8.31,6,0
117,20,3.19,6,0
96,12,5.68,22,0
74,13,9.92,80,1
105,75,6.05,19,0
57,76,5.99,65,0
118,17,6.47,38,0
91,15,3.49,68,1
78,4,3.18,29,0
108,76,7.42,78,0
62,56,5.17,33,0
86,60,4.32,71,0
34,23,2.25,74,1
115,51,8.77,38,0
75,4,2.26,60,1
94,54,8.0,10,0
55,46,5.06,44,0
104,26,6.79,33,0
9,56,3.98,85,1
14,51,3.24,84,1
61,35,6.27,70,1
88,14,7.56,85,1
97,1,3.56,87,1
53,75,5.49,69,0
78,22,5.56,53,0
66,24,3.73,18,0
115,54,6.52,73,0
78,20,3.17,17,0
50,30,6.08,16,0
116,56,2.91,79,0
13,47,5.88,10,0
118,52,4.49,12,0
19,0,5.62,45,1
35,36,5.47,52,1
98,38,9.26,4,0
88,50,5.92,34,0
116,12,8.55,20,0
90,12,3.81,27,0
76,60,4.82,16,0
42,53,2.6,60,1
1,64,5.37,42,0
15,21,7.35,86,1
36,79,8.71,0,0
5,21,6.53,69,1
61,52,7.12,81,1
93,12,3.42,43,0
115,73,2.3,62,0
59,26,8.33,39,0
105,64,3.34,53,0
118,26,2.73,81,1
103,63,9.5,47,0
56,36,9.71,52,0
39,4,6.93,88,1
117,15,5.03,44,0
29,54,8.67,15,0
49,15,3.64,61,1
9,22,5.44,62,1
95,43,4.86,21,0
78,20,9.3,65,0
11,10,9.36,5,0
27,49,7.21,28,0
67,55,2.89,76,1
65,58,5.86,55,0
96,75,3.96,54,0
32,9,9.08,55,1
111,34,3.11,14,0
53,18,2.43,86,1
98,72,7.64,26,0
29,43,5.63,70,1
5,7,8.71,89,1
7,55,2.6,21,0
45,3,8.41,57,0
114,21,2.3,3,0
6,57,2.22,57,1
44,40,5.69,39,0
14,60,3.77,6,0
111,45,6.75,60,0
81,67,2.21,87,1
91,45,2.28,7,0
85,4,7.82,80,1
79,5,3.68,75,1
93,62,7.25,49,0
1,3,8.0,81,1
103,30,2.47,27,0
89,1,8.16,64,1
88,24,4.15,62,0
47,47,5.12,52,0
96,13,2.69,75,1
46,37,8.71,78,1
6,79,6.49,70,0
109,5,6.04,52,0
28,5,9.75,87,1
13,21,4.68,50,1
75,66,9.13,57,0
28,32,7.76,16,0
103,51,9.43,28,0
53,2,9.26,81,1
1,58,9.93,44,0
114,5,3.05,46,0
62,56,8.37,73,1
32,11,8.44,29,0
81,68,7.15,23,0
64,23,4.23,0,0
4,14,9.72,20,0
91,26,3.64,46,0
48,0,6.0,65,1
84,13,6.17,29,0
107,47,3.29,39,0
73,24,7.78,19,0
80,28,2.71,73,0
31,64,7.54,47,0
29,9,8.79,12,0
50,31,4.8,54,1
102,14,7.68,30,0
63,38,3.25,77,1
42,26,8.77,24,0
93,3,9.62,77,1
102,5,3.22,62,1
108,68,7.53,12,0
36,4,6.05,68,1
85,62,6.25,64,0
71,73,7.65,41,0
54,37,5.91,14,0
48,24,6.8,43,0
14,62,3.85,54,1
33,78,5.03,11,0
66,9,8.92,30,0
106,77,2.88,63,0
104,75,6.78,49,0
23,11,3.47,89,1
81,4,8.77,19,0
11,57,6.63,70,1
81,6,5.22,38,0
41,48,4.0,20,0
54,5,5.49,85,1
86,55,9.66,56,0
51,18,6.07,48,0
97,7,5.76,26,0
64,5,7.97,79,1
119,15,5.03,2,0
76,43,5.42,10,0
36,6,4.7,16,0
93,64,3.21,58,0
49,48,7.71,9,0
64,23,8.98,71,0
17,78,9.24,17,0
15,52,9.05,60,1
69,53,5.61,71,0
23,13,4.27,79,1
119,56,7.1,26,0
102,44,9.64,6,0
84,78,7.82,68,0
88,38,5.96,40,0
71,54,7.51,85,0
8,27,8.18,16,0
47,3,9.35,51,0
60,10,8.11,10,0
109,69,5.47,43,0
27,59,4.19,0,0
60,29,6.0,67,1
41,55,4.63,54,0
16,0,9.54,8,0
13,2,6.06,44,1
44,40,5.78,38,0
10,49,4.79,60,1
8,74,7.12,44,0
42,60,6.16,41,0
25,20,3.03,74,1
67,65,8.95,46,0
3,39,4.87,73,1
36,66,5.46,79,1
54,13,3.65,76,1
115,2,6.43,85,1
76,4,7.62,62,0
105,79,9.05,50,0
41,6,2.41,47,1
54,75,9.79,18,0
51,58,7.63,74,0
106,11,4.27,62,0
115,69,3.64,78,0
115,11,4.37,63,0
90,11,9.01,43,0
60,46,4.33,26,0
65,23,5.7,88,1
117,23,7.65,66,0
34,15,8.98,78,1
42,48,7.27,52,0
107,2,8.02,45,0
46,19,3.39,3,0
28,44,9.02,6,0
67,38,4.21,63,0
39,55,3.03,20,0
107,17,9.81,7,0
109,51,3.61,69,1
37,60,3.09,55,0
64,31,7.01,10,0
118,20,4.55,44,0
89,44,3.07,42,0
26,46,6.81,0,0
71,7,8.07,54,0
74,45,8.35,35,0
78,12,3.24,79,1
3,45,6.45,10,0
36,74,8.51,76,0
102,42,3.29,0,0
29,60,3.66,68,0
36,24,2.02,70,1
39,73,6.2,36,0
22,65,3.56,25,0
19,73,7.79,12,0
42,59,9.7,30,0
105,51,3.67,60,0
1,42,7.19,65,1
34,74,3.69,16,0
8,67,2.14,1,0
67,33,8.07,50,0
30,6,5.47,52,1
95,0,9.57,88,1
70,18,6.27,68,1
94,5,3.26,49,0
76,16,5.6,53,0
53,8,3.62,58,1
103,78,9.02,40,0
57,7,7.53,60,1
114,50,4.73,17,0
119,28,6.22,74,1
71,13,7.36,77,1
81,56,8.26,39,0
31,77,2.64,41,0
97,63,2.18,44,0
80,78,2.92,73,0
108,47,5.16,15,0
32,53,5.73,30,0
94,11,3.09,55,0
56,68,5.29,62,0
23,59,5.53,26,0
21,20,2.87,10,0
67,28,9.33,45,0
39,48,6.79,57,0
13,1,5.11,68,1
51,65,6.06,0,0
78,22,4.51,1,0
38,5,8.83,34,0
114,26,6.6,50,0
93,66,5.96,0,0
62,21,9.29,15,0
112,43,8.7,37,0
52,64,8.5,25,0
17,2,3.8,63,1
5,60,3.22,3,0
112,23,7.52,79,0
115,55,5.75,15,0
88,15,7.47,39,0
13,11,8.09,88,1
35,63,4.36,59,0
5,64,4.28,89,1
7,78,5.93,1,0
30,54,4.19,64,1
69,37,7.34,6,0
8,15,7.97,55,1
118,23,5.78,29,0
55,51,7.79,69,0
32,27,6.08,11,0
62,38,7.7,80,0
95,13,3.8,43,0
38,35,7.91,46,0
6,19,7.72,51,1
7,8,4.13,3,0
102,10,6.45,27,0
14,41,8.84,63,1
76,29,4.0,86,1
46,7,7.89,88,1
93,41,9.63,48,0
8,13,8.93,23,0
107,1,5.21,42,0
84,10,6.86,41,0
54,35,9.93,35,0
25,76,6.55,32,0
117,19,2.92,78,1
36,22,2.36,35,0
59,19,8.32,2,0
47,28,5.39,64,1
28,57,3.97,59,1
50,25,4.78,34,0
19,52,8.06,56,0
1,71,5.72,84,1
35,75,8.95,83,0
14,45,7.88,71,1
50,57,9.79,52,0
103,73,9.11,2,0
20,62,4.04,46,0
1,23,7.27,73,1
14,10,2.16,76,1
61,9,9.93,69,0
33,70,4.09,88,1
59,44,7.32,46,0
4,23,8.79,9,0
40,27,3.28,44,0
49,22,8.78,28,0
52,64,2.1,75,1
66,48,5.54,69,0
93,70,5.78,38,0
56,24,4.99,34,0
101,37,6.69,14,0
64,9,9.32,3,0
31,77,4.62,28,0
28,40,6.63,21,0
39,44,9.02,23,0
72,33,8.18,89,1
29,21,2.33,61,1
109,75,9.54,49,0
58,39,2.37,16,0
103,53,6.71,75,0
82,2,6.6,58,0
40,22,8.29,46,0
28,64,3.19,41,0
89,7,3.43,49,1
40,8,8.02,75,1
30,64,3.2,64,1
111,24,5.76,43,0
58,21,7.85,60,1
6,45,7.21,83,1
59,15,3.68,29,0
55,3,4.43,81,1
103,0,9.75,54,0
85,6,5.59,16,0
23,12,2.36,87,1
18,55,3.76,61,1
72,23,4.74,34,0
6,5,10.0,19,0
38,1,4.42,82,1
17,38,2.21,74,1
3,67,6.1,4,0
110,27,2.67,57,1
11,5,4.19,10,0
2,18,9.94,26,0
112,39,7.64,51,0
23,15,2.41,22,0
98,78,5.59,46,0
4,61,3.37,38,0
19,27,2.98,52,1
14,76,6.7,72,1
85,26,6.05,13,0
74,11,7.94,71,1
57,75,9.14,20,0
29,76,3.97,3,0
11,25,9.38,40,1
68,47,6.14,27,0
28,13,4.07,16,0
71,51,8.77,38,0
82,55,2.28,78,1
102,56,6.48,52,0
59,45,7.77,65,0
1,56,4.24,13,0
34,44,8.91,6,0
102,65,3.92,30,0
64,14,8.72,69,1
74,38,2.63,79,1
55,33,3.28,9,0
20,42,5.05,42,0
107,11,8.83,35,0
92,25,3.16,66,1
119,76,9.0,18,0
102,8,3.84,43,0
35,50,5.62,76,1
31,53,4.82,41,0
30,37,2.95,70,1
110,2,9.55,55,0
67,2,5.51,53,0
55,22,7.52,23,0
116,8,6.6,89,0
72,7,6.01,22,0
109,12,6.93,83,1
118,15,9.19,89,1
10,67,7.59,46,0
44,51,6.26,78,1
88,2,7.16,64,0
97,50,6.85,66,0
18,10,5.46,6,0
38,33,7.0,12,0
66,3,5.55,6,0
96,7,8.06,2,0
14,10,9.75,75,1
72,34,9.68,15,0
36,37,8.57,0,0
26,28,6.81,84,1
62,49,7.99,25,0
50,57,3.42,73,1
76,58,5.83,86,1
38,46,4.06,47,1
98,43,2.03,83,1
10,39,9.73,87,1
103,19,8.91,12,0
4,38,6.11,13,0
88,0,4.03,33,0
42,77,7.54,50,0
46,29,5.48,70,1
3,60,8.43,16,0
84,76,10.0,17,0
20,39,4.79,27,0
79,68,3.96,24,0
87,38,4.14,84,1
101,10,2.75,35,0
85,2,5.15,78,1
36,10,2.14,5,0
88,75,2.92,9,0
99,38,4.17,72,1
38,25,3.28,22,0
15,35,7.86,7,0
106,20,2.84,53,0
18,69,8.93,13,0
71,79,3.77,5,0
29,6,2.87,36,1
15,57,2.08,49,0
93,26,7.72,47,0
18,3,4.05,52,1
80,73,6.08,2,0
83,4,2.89,26,0
8,16,9.88,30,0
21,2,3.0,26,1
95,37,5.3,50,0
61,47,8.81,20,0
15,25,3.96,56,1
119,5,4.14,84,1
32,9,8.47,59,1
1,74,4.19,34,0
110,64,2.02,39,0
2,74,5.42,52,0
66,42,2.1,65,1
119,43,9.28,27,0
69,62,7.13,3,0
70,49,6.66,63,0
47,34,3.61,59,1
16,23,7.6,9,0
69,38,7.42,56,0
107,5,2.48,6,0
11,15,9.05,57,0
105,58,6.64,66,0
50,69,8.34,1,0
64,8,4.1,65,1
20,7,2.98,10,0
74,6,7.62,23,0
22,63,8.35,63,0
33,24,5.09,31,0
86,26,2.19,87,1
7,0,8.55,86,1
54,77,3.65,88,1
71,34,4.71,9,0
16,63,7.03,15,0
36,56,2.8,16,0
41,11,2.58,52,1
79,64,2.21,38,0
117,44,9.33,67,0
100,48,4.49,25,0
23,16,7.29,17,0
3,67,9.91,58,0
7,74,7.36,55,0
71,32,6.2,62,1
19,7,6.17,28,0
28,67,5.02,47,0
101,70,6.8,83,0
104,40,9.67,55,0
100,46,8.3,83,0
31,17,5.39,39,0
74,5,4.66,4,0
73,75,9.07,68,0
23,38,3.09,41,0
66,21,8.8,3,0
63,55,4.04,12,0
48,2,7.73,28,0
90,6,8.45,17,0
81,19,5.82,61,0
64,36,3.54,55,1
87,29,8.76,29,0
91,14,4.94,7,0
68,28,4.57,7,0
32,26,6.08,85,1
91,41,5.48,31,0
86,45,7.46,9,0
118,70,3.1,64,0
18,64,5.49,78,1
50,23,9.13,10,0
110,72,2.29,85,1
62,41,5.66,65,1
113,15,7.28,22,0
2,27,9.1,69,1
5,59,6.75,37,0
95,65,8.6,57,0
43,29,3.78,11,0
62,12,4.82,21,0
51,15,9.54,69,1
49,8,9.09,72,1
112,55,6.46,0,0
12,40,5.8,19,0
92,36,5.61,54,0
106,53,2.47,81,1
79,66,9.14,60,0
48,63,8.55,63,0
20,10,5.65,34,0
82,47,4.24,4,0
56,70,4.74,68,0
18,61,2.99,71,1
43,26,7.77,39,0
115,31,6.45,45,0
32,71,3.87,21,0
22,2,6.98,40,1
82,42,9.83,21,0
24,9,2.98,37,1
110,71,5.67,12,0
103,3,5.95,54,0
118,1,3.33,22,0
109,26,6.25,65,1
30,16,6.85,46,1
26,39,3.26,80,1
41,23,3.24,19,0
56,28,8.85,24,0
105,45,4.49,21,0
88,44,7.04,56,0
77,74,7.01,9,0
105,38,8.71,61,0
77,45,7.92,73,0
46,54,8.72,60,0
50,13,7.0,12,0
62,53,5.6,44,0
11,68,5.15,48,0
89,25,5.03,35,0
78,14,5.35,41,0
88,27,3.03,68,1
64,22,5.39,75,1
94,46,5.12,27,0
114,69,2.28,29,0
68,47,4.2,18,0
53,10,8.02,36,0
13,25,6.62,49,1
93,55,8.45,64,0
108,26,6.34,24,0
84,46,8.83,19,0
104,55,8.37,2,0
103,26,2.79,8,0
95,51,9.82,4,0
60,31,2.12,18,0
12,10,6.77,62,1
1,29,8.34,69,1
25,35,4.66,87,1
52,0,6.79,49,1
89,71,4.9,40,0
55,42,2.48,80,1
3,2,2.07,13,0
26,69,2.76,56,1
117,68,2.79,73,0
118,0,6.89,45,0
45,13,6.21,23,0
96,29,5.64,55,0
86,40,7.54,89,1
111,58,2.13,21,0
106,33,4.17,50,0
75,48,8.22,4,0
47,0,9.28,20,0
75,52,5.51,69,0
38,73,2.65,44,0
42,42,8.39,17,0
73,36,9.08,30,0
68,23,5.31,10,0
70,76,3.95,70,0
46,2,2.35,84,1
49,22,6.73,9,0
2,11,9.28,21,0
72,69,7.42,77,0
69,38,4.54,79,1
112,73,7.14,69,0
61,53,8.66,64,0
56,44,5.81,77,1
9,41,8.56,33,0
24,16,5.14,80,1
41,44,4.79,79,1
45,54,6.66,20,0
44,77,5.72,6,0
47,43,9.82,46,0
92,75,6.13,68,0
16,75,5.08,76,0
40,41,5.16,12,0
20,35,6.38,33,0
37,11,4.84,69,1
82,21,7.78,5,0
6,70,5.05,65,1
41,11,5.07,26,0
3,31,6.94,2,0
114,55,2.49,21,0
87,19,7.24,66,1
29,77,6.04,78,1
24,51,5.62,7,0
12,2,7.75,41,1
57,19,8.07,18,0
90,59,8.77,61,0
70,69,5.0,70,0
105,74,4.62,86,1
41,68,7.71,31,0
34,5,6.65,26,0
57,58,7.05,27,0
25,8,6.44,68,1
117,6,8.18,40,0
23,55,3.52,2,0
57,38,6.45,85,1
63,51,3.26,9,0
7,68,5.26,83,1
56,5,7.31,14,0
55,42,5.94,48,0
31,66,5.04,28,0
16,35,9.08,61,1
6,41,8.18,36,0
2,39,6.21,33,0
58,72,9.6,42,0
11,3,5.39,87,1
115,70,8.3,22,0
30,65,3.34,19,0
78,65,4.29,5,0
81,32,4.7,66,1
59,41,2.85,60,1
106,29,6.01,54,0
14,20,3.54,2,0
28,70,7.07,71,1
31,40,3.52,72,1
17,57,2.99,85,1
36,8,9.75,83,1
38,63,7.27,23,0
92,52,9.49,63,0
36,79,5.92,36,0
105,10,2.27,53,0
92,43,6.59,29,0
108,40,6.47,59,0
13,43,2.12,85,1
118,4,8.89,58,0
74,37,6.96,82,1
117,23,7.96,83,0
43,49,5.95,10,0
114,18,6.95,86,0
71,34,4.06,73,1
9,49,9.79,38,0
49,5,5.21,54,1
17,62,3.3,55,1
113,57,2.45,70,0
37,4,7.09,72,1
27,5,9.87,9,0
66,68,9.17,0,0
51,22,7.62,22,0
12,68,9.92,47,0
98,39,7.78,76,0
101,27,4.71,58,0
89,21,6.81,12,0
74,52,2.64,64,0
48,8,3.77,42,1
65,32,5.34,33,0
62,27,3.61,69,1
20,12,9.63,26,0
10,28,9.96,55,0
31,42,4.97,16,0
55,54,7.67,34,0
20,6,5.26,50,1
13,69,3.12,56,1
102,70,4.7,82,1
45,55,3.87,26,0
70,73,4.62,80,0
63,34,3.72,73,1
88,65,2.9,32,0
89,58,3.74,12,0
36,45,9.25,23,0
101,14,2.68,59,0
45,44,4.6,70,1
100,72,6.23,55,0
49,78,4.84,65,0
14,35,6.14,9,0
91,19,2.35,45,0
4,59,7.19,78,0
92,6,6.51,35,0
6,12,7.45,80,1
25,44,6.54,11,0
72,79,5.5,88,1
113,26,4.8,70,1
49,35,3.81,56,1
15,25,6.0,55,1
28,35,2.21,84,1
107,0,4.63,33,0
87,47,7.42,14,0
12,47,2.87,82,1
46,25,2.5,9,0
32,21,7.22,59,0
22,60,5.18,23,0
101,15,8.41,83,1
74,3,9.5,87,1
22,3,9.66,42,0
78,70,5.4,47,0
50,29,4.11,40,1
8,8,6.87,38,0
54,70,7.03,84,0
23,11,6.98,25,0
30,26,4.57,86,1
105,1,2.51,58,0
85,54,3.68,86,1
16,55,3.24,55,0
102,60,2.99,73,0
69,21,9.41,44,0
105,26,2.11,41,0
89,75,6.81,23,0
41,65,9.58,18,0
64,2,4.88,3,0
64,55,6.22,34,0
86,65,7.57,88,1
30,44,4.54,84,1
40,51,5.82,62,0
30,0,8.54,32,0
36,2,7.96,46,0
20,2,8.47,68,1
5,12,9.9,0,0
112,79,4.96,83,0
9,50,7.98,78,1
106,62,6.82,87,0
1,23,7.33,8,0
93,75,7.92,85,0
40,15,8.0,55,1
62,72,9.09,49,0
34,2,4.79,16,0
59,1,7.23,44,0
54,6,4.24,32,0
64,63,6.76,88,1
47,20,8.01,30,0
64,36,8.33,19,0
99,37,5.36,85,1
52,63,6.07,16,0
44,27,4.67,81,1
16,0,3.35,86,1
43,30,4.08,27,0
15,23,9.3,62,1
22,58,4.47,71,1
114,60,9.8,48,0
11,7,3.93,62,1
58,63,7.78,11,0
100,5,6.59,46,0
114,49,7.57,46,0
18,31,7.15,50,1
20,24,7.65,84,1
45,38,9.24,74,1
66,24,6.51,54,0
115,63,2.54,36,0
25,77,4.17,36,0
20,65,7.67,1,0
31,35,5.95,49,0
105,40,6.39,22,0
4,35,6.77,79,1
46,63,5.06,69,0
15,44,8.19,82,1
19,37,7.79,89,1
110,32,7.71,36,0
1,30,7.72,38,1
39,44,9.12,54,0
109,55,6.76,38,0
73,34,9.74,25,0
9,64,2.95,63,1
56,66,7.06,40,0
116,34,7.74,84,0
48,72,5.82,19,0
63,13,4.31,39,0
64,74,6.4,47,0
79,23,4.92,81,1
23,45,9.27,52,0
100,22,4.85,6,0
118,35,3.41,30,0
17,27,6.61,79,1
98,56,5.17,24,0
98,6,2.77,30,0
89,67,6.52,13,0
45,72,6.3,64,0
56,45,3.39,12,0
100,43,6.78,33,0
19,55,6.54,64,1
99,15,8.19,80,0
110,59,4.89,19,0
82,17,3.99,29,0
41,54,9.61,10,0
67,24,6.49,39,0
6,59,2.22,89,1
111,63,8.57,27,0
41,16,3.57,23,0
7,49,8.29,35,0
95,39,7.64,80,0
79,23,9.75,49,0
75,47,9.72,54,0
7,79,4.2,70,1
90,0,8.13,64,0
76,76,4.53,53,0
95,68,7.03,50,0
99,42,6.78,47,0
26,48,2.44,16,0
26,29,2.04,37,1
110,10,2.46,76,1
64,45,3.02,3,0
53,65,4.06,74,0
35,18,9.26,50,0
77,57,6.15,31,0
90,59,8.38,10,0
1,60,8.71,68,1
66,27,7.88,0,0
119,31,5.13,48,0
34,33,8.91,14,0
34,68,7.94,81,1
105,72,7.95,16,0
8,33,9.21,72,1
48,77,6.79,51,0
55,45,6.23,3,0
95,30,9.12,64,0
16,0,5.64,79,1
52,48,8.49,19,0
19,51,2.43,87,1
94,77,2.01,71,0
76,57,6.23,66,0
60,2,2.59,30,0
47,45,9.81,10,0
19,59,2.04,38,0
110,39,7.75,72,0
78,34,3.95,52,0
38,64,9.74,58,0
50,48,5.05,70,1
87,54,2.22,30,0
86,37,2.22,3,0
55,22,6.43,79,1
37,41,9.89,55,0
79,76,9.84,50,0
79,48,4.7,51,0
72,56,5.86,76,0
9,9,2.8,69,1
57,79,6.18,60,0
74,19,6.8,70,0
114,77,4.01,25,0
63,35,6.9,64,0
41,73,9.2,87,0
67,71,2.01,21,0
22,60,3.83,51,1
11,73,3.68,61,1
81,48,2.99,46,0
118,67,3.33,87,0
101,13,7.01,36,0
70,5,2.82,19,0
5,43,7.91,12,0
118,64,9.1,76,0
54,61,9.41,61,0
35,42,7.28,52,1
107,41,3.58,38,0
89,48,2.68,36,0
90,69,3.86,84,0
34,67,9.7,61,0
119,8,9.7,86,0
54,47,5.06,72,1
64,30,4.61,69,1
90,63,6.08,49,0
79,40,4.33,21,0
21,79,9.84,58,0
36,34,3.77,64,1
43,54,4.95,46,0
113,8,5.43,1,0
86,74,3.0,86,1
44,12,5.06,74,1
88,30,8.85,31,0
88,67,3.12,44,0
47,77,6.67,11,0
48,38,5.25,84,1
107,38,3.36,20,0
67,3,2.1,33,0
18,78,4.19,38,0
86,1,2.49,23,0
71,2,5.01,57,1
61,37,8.48,89,1
87,0,7.76,76,1
108,13,9.58,47,0
40,50,5.42,11,0
50,56,7.66,77,0
23,23,7.32,23,0
78,63,3.74,81,1
48,48,4.43,35,0
41,18,6.24,46,0
83,56,8.37,39,0
49,47,5.69,41,0
56,64,3.82,14,0
53,12,9.95,49,0
31,18,2.92,36,0
15,24,9.65,76,1
99,27,8.47,42,0
11,71,8.71,86,1
39,58,8.36,26,0
80,43,3.67,29,0
16,43,7.06,3,0
79,70,8.05,66,0
88,35,7.97,6,0
79,18,4.17,25,0
37,10,3.45,81,1
3,26,4.62,54,1
106,52,5.84,50,0
39,37,6.59,72,1
96,33,8.7,69,0
24,38,8.15,79,1
20,77,7.41,59,0
93,79,4.11,40,0
112,12,5.83,11,0
103,9,4.68,33,0
90,19,3.88,63,1
30,68,2.08,22,0
109,36,4.72,60,0
80,69,4.05,12,0
21,51,6.58,5,0
16,44,2.5,32,0
104,22,4.16,20,0
33,27,2.36,78,1
92,11,7.13,34,0
17,41,6.55,37,0
34,22,4.7,36,0
34,23,3.18,28,1
34,3,9.66,82,1
81,63,6.68,66,0
109,75,7.43,14,0
109,39,6.25,19,0
89,42,8.45,7,0
25,74,9.17,23,0
115,40,5.06,59,0
65,49,7.52,84,0
65,34,3.84,43,0
84,41,7.21,7,0
92,41,5.19,4,0
114,56,2.05,37,0
70,48,9.64,23,0
73,40,8.95,51,0
89,6,4.33,10,0
31,72,9.98,20,0
37,71,4.54,50,0
75,14,5.67,25,0
8,23,8.81,32,0
39,77,4.44,19,0
86,25,5.6,4,0
117,64,7.32,31,0
62,62,3.04,29,0
48,68,5.38,80,1
53,1,4.48,80,1
82,38,7.41,38,0
65,45,3.09,25,0
3,66,3.86,37,0
65,17,7.69,54,0
48,24,3.25,34,0
84,14,5.38,68,1
105,60,7.7,86,0
115,79,8.12,36,0
73,11,2.76,10,0
44,18,8.82,10,0
53,24,7.79,78,1
21,71,4.71,37,0
112,35,8.11,29,0
101,22,7.83,55,0
102,25,6.81,86,1
40,47,6.47,38,0
39,30,7.88,28,0
102,11,9.99,77,0
65,65,6.63,7,0
84,33,8.47,75,0
59,20,7.95,46,0
53,58,8.85,1,0
76,59,9.64,20,0
97,12,3.54,61,1
40,5,3.32,67,1
97,3,6.69,17,0
30,61,5.59,59,1
48,50,6.57,89,1
109,63,8.38,61,0
114,50,9.45,63,0
110,32,5.34,17,0
38,47,7.74,57,0
101,57,3.57,63,0
112,31,6.28,9,0
117,73,2.17,28,0
3,71,6.03,79,1
89,64,6.36,89,0
119,79,7.88,15,0
91,31,7.2,65,0
28,9,4.87,45,0
91,38,2.05,53,0
13,59,2.92,45,1
58,62,9.78,78,0
75,31,9.38,40,0
55,23,4.6,53,1
84,35,4.07,60,0
29,64,5.49,49,0
73,4,7.52,79,1
77,26,4.85,21,0
76,18,2.54,85,1
35,64,5.22,61,0
37,37,4.08,86,1
31,6,4.6,33,1
55,20,3.3,43,0
70,3,7.27,3,0
44,38,6.21,83,1
49,79,4.17,73,0
35,45,6.43,26,0
27,69,5.94,4,0
79,59,8.37,62,0
98,70,9.65,60,0
35,24,3.05,47,1
103,76,9.07,14,0
68,19,7.64,82,1
20,35,7.54,38,0
44,54,4.99,65,1
1,22,4.75,77,1
5,21,2.05,49,1
40,10,9.86,8,0
55,0,6.85,79,1
95,40,5.22,60,0
16,78,6.35,80,1
100,17,2.32,55,0
28,35,3.39,81,1
17,74,6.99,78,0
84,61,6.11,19,0
93,0,8.3,15,0
72,40,7.27,14,0
14,11,6.81,71,1
14,19,8.52,21,0
47,19,2.55,40,0
54,48,7.53,70,0
119,15,7.72,38,0
35,20,4.2,5,0
23,18,3.57,32,1
113,28,3.71,8,0
19,52,3.59,34,0
4,31,6.19,66,1
51,26,3.09,46,0
48,41,7.27,60,0
74,49,2.84,9,0
105,1,2.22,67,1
112,71,4.55,38,0
35,73,3.53,25,0
117,48,9.91,58,0
76,45,4.42,12,0
9,55,3.78,44,1
112,35,3.57,37,0
17,29,4.99,14,0
71,28,6.85,85,1
95,12,8.26,32,0
30,67,4.92,3,0
33,25,7.01,39,1
57,22,5.86,86,1
106,77,8.77,60,0
27,40,6.55,57,1
79,49,4.32,81,1
54,19,7.63,7,0
14,22,8.56,49,0
85,58,5.72,28,0
100,36,9.9,60,0
69,11,9.03,76,1
21,66,3.58,6,0
19,32,8.29,14,0
51,53,6.81,85,1
61,27,6.28,44,0
66,44,6.11,28,0
29,62,8.83,13,0
60,70,6.89,31,0
36,16,6.3,0,0
82,53,2.39,20,0
95,73,5.59,16,0
78,51,9.26,7,0
1,11,7.69,87,1
119,15,2.41,71,1
3,16,9.07,84,1
119,8,8.61,21,0
4,60,6.37,25,0
62,77,2.18,25,0
13,41,6.5,50,1
12,47,2.44,16,0
82,61,4.56,21,0
87,33,7.03,87,1
15,37,9.3,31,0
117,47,4.86,70,0
39,24,8.88,20,0
38,4,9.35,83,1
36,45,2.17,62,1
55,65,3.92,77,0
22,5,7.68,46,1
51,17,8.05,81,1
25,21,5.14,32,0
7,64,7.25,43,0
44,40,6.9,5,0
80,42,7.92,15,0
91,51,7.75,69,0
43,22,2.69,29,1
39,57,3.27,9,0
94,2,3.06,26,0
82,9,9.46,31,0
100,65,9.31,64,0
108,52,8.38,8,0
98,14,2.93,2,0
112,35,6.59,65,0
50,4,3.5,12,0
47,53,4.95,37,0
39,60,4.14,61,0
28,22,8.63,46,0
90,28,3.16,11,0
86,18,7.17,64,0
96,31,9.87,4,0
20,21,7.5,20,0
59,19,2.63,9,0
27,34,9.26,46,0
107,68,7.14,62,0
32,61,5.65,58,0
18,23,7.28,12,0
68,75,9.03,30,0
105,16,5.82,13,0
109,72,6.25,30,0
12,24,5.62,20,0
39,43,2.58,66,1
19,16,8.3,67,1
37,60,3.01,73,1
64,25,5.16,18,0
34,69,5.09,1,0
9,6,4.24,3,0
61,40,5.22,75,1
7,12,6.94,81,1
27,71,4.49,19,0
1,33,3.38,78,1
11,53,8.95,47,0
52,70,9.77,16,0
102,42,5.67,28,0
93,4,4.62,23,0
12,17,2.38,68,1
5,17,2.29,16,1
41,73,5.14,16,0
78,72,9.44,64,0
89,38,7.85,27,0
98,71,4.79,22,0
41,19,9.74,72,1
20,54,5.43,83,1
4,31,4.21,49,1
18,19,5.41,74,1
8,20,3.69,75,1
103,33,9.09,52,0
32,27,4.89,74,1
98,16,7.26,0,0
66,26,5.11,3,0
65,10,9.21,79,1
55,77,7.14,12,0
98,30,5.91,65,0
6,8,3.06,37,1
12,46,9.22,70,1
51,70,6.37,59,0
47,28,4.28,6,0
65,67,9.02,30,0
88,48,2.44,63,0
70,59,4.51,82,1
31,23,6.29,72,1
39,2,4.72,80,1
90,27,5.81,86,1
24,73,4.11,80,1
60,63,3.04,52,0
65,62,2.29,30,0
90,70,3.26,45,0
86,29,9.62,71,0
56,25,6.6,38,0
37,74,5.91,74,0
44,45,5.07,63,1
49,23,7.67,18,0
27,22,3.13,82,1
75,70,4.21,76,0
25,4,7.25,53,1
78,4,5.83,17,0
90,59,8.16,20,0
115,0,9.18,75,1
15,13,8.59,1,0
91,79,3.47,43,0
11,34,2.73,55,1
41,58,3.36,20,0
21,38,8.27,77,1
20,7,9.31,47,0
21,14,9.4,5,0
6,60,4.39,28,0
98,7,8.72,35,0
8,47,6.29,20,0
48,27,8.58,84,1
84,29,6.39,32,0
118,76,3.17,45,0
102,48,2.63,48,0
17,49,9.66,19,0
118,28,5.41,51,0
78,30,4.8,31,0
22,54,4.85,0,0
54,3,5.03,36,1
110,18,9.56,52,0
47,48,2.5,10,0
22,49,2.95,70,1
105,7,8.32,59,0
114,63,6.4,27,0
117,43,3.03,53,0
114,19,2.28,27,0
104,60,3.79,58,0
55,79,4.09,13,0
23,33,2.11,54,1
74,22,3.73,4,0
27,23,7.91,1,0
57,47,8.84,22,0
79,3,9.19,15,0
113,38,5.12,44,0
35,1,4.56,14,0
30,3,10.0,22,0
88,34,8.15,8,0
1,59,6.3,79,1
68,70,4.04,66,0
89,7,4.57,19,0
66,19,6.12,10,0
46,33,6.34,76,1
99,45,2.11,60,0
45,78,9.68,79,0
85,54,6.6,16,0
56,43,6.71,32,0
4,4,3.69,10,0
64,6,8.12,38,0
6,12,7.9,14,0
111,52,2.76,0,0
72,26,6.76,45,0
45,19,7.27,88,1
58,53,8.68,58,0
74,65,3.65,68,0
31,35,9.02,73,1
35,70,5.69,87,0
50,58,2.77,11,0
31,57,2.84,22,0
91,69,3.58,55,0
13,14,4.26,73,1
99,60,5.97,69,0
42,76,7.99,65,0
67,79,3.49,28,0
19,46,9.94,32,0
46,60,3.29,7,0
90,71,6.8,28,0
33,68,9.43,14,0
16,71,8.66,84,1
63,66,7.18,8,0
20,30,7.72,32,0
38,58,3.07,79,1
54,32,2.08,86,1
68,64,5.47,33,0
77,64,2.72,41,0
81,74,4.86,47,0
101,47,3.79,73,1
8,38,9.33,69,1
44,13,9.04,47,0
1,51,8.55,33,0
2,45,7.71,33,0
26,41,3.23,58,1
72,54,2.39,75,1
107,68,7.23,6,0
93,11,7.14,69,1
77,34,4.96,43,0
93,57,5.78,13,0
21,65,5.91,8,0
100,62,3.92,30,0
106,63,4.51,22,0
12,68,5.35,9,0
56,76,6.83,26,0
99,48,9.65,75,0
57,19,6.31,64,1
101,45,7.85,18,0
112,56,8.46,60,0
57,8,2.91,40,1
8,60,7.22,67,1
41,43,5.86,22,0
26,74,6.58,5,0
57,16,2.31,28,0
70,72,9.25,89,1
56,35,9.62,50,0
24,45,2.03,4,0
36,52,3.7,87,1
81,46,3.44,74,1
4,72,8.25,48,0
26,13,6.78,66,1
107,58,3.42,16,0
12,77,8.51,53,0
50,17,4.83,82,1
25,20,5.69,39,1
13,38,5.1,3,0
51,57,6.17,68,0
63,76,5.84,65,0
21,63,4.2,66,1
10,63,5.4,58,1
17,35,9.27,12,0
78,51,6.02,10,0
103,16,9.33,71,0
22,37,6.4,76,1
39,15,8.15,7,0
41,2,4.35,52,1
43,68,8.32,45,0
30,64,4.11,31,0
7,40,2.16,58,1
63,1,3.29,82,1
43,7,2.17,73,1
41,8,9.58,13,0
32,57,10.0,41,0
111,16,8.1,84,1
73,20,2.87,21,0
50,68,9.19,76,0
25,70,7.95,44,0
96,61,4.66,46,0
106,24,6.02,22,0
4,46,7.29,82,1
111,16,2.19,47,0
84,68,6.01,51,0
12,6,7.86,41,0
90,59,3.51,8,0
13,40,5.55,70,1
7,60,6.26,29,0
14,36,7.88,21,0
55,12,9.72,70,0
74,60,8.79,17,0
49,50,6.97,61,0
15,37,6.67,42,0
24,29,6.83,71,1
102,27,6.36,4,0
115,38,2.47,69,1
90,20,7.59,20,0
13,22,7.73,78,1
98,22,6.1,31,0
83,1,8.96,0,0
63,74,7.38,43,0
18,18,4.9,4,0
119,13,2.16,24,0
53,12,2.47,64,1
6,79,4.81,50,0
25,38,5.7,63,1
48,26,3.33,79,1
8,32,3.51,42,1
39,7,3.84,48,1
56,25,8.24,5,0
113,19,8.17,25,0
11,64,5.06,65,1
69,4,3.38,5,0
109,34,2.89,32,0
96,63,2.7,12,0
111,66,5.13,77,0
21,41,2.36,50,0
96,17,4.67,58,1
117,26,9.69,61,0
39,17,6.06,20,0
60,52,8.58,4,0
64,23,3.03,35,1
59,50,4.14,16,0
35,52,9.57,28,0
116,75,5.07,28,0
114,29,7.19,70,0
46,76,9.81,28,0
96,32,6.41,13,0
48,54,4.44,86,1
95,52,6.26,4,0
70,65,2.44,18,0
56,37,2.9,31,0
16,63,2.06,5,0
78,28,9.07,80,1
39,39,7.37,31,0
26,39,4.39,70,1
23,56,3.77,12,0
117,49,7.46,46,0
13,6,9.36,11,0
96,64,4.39,20,0
104,60,4.57,36,0
4,8,8.83,77,1
71,76,9.15,27,0
69,52,9.31,67,0
43,6,4.35,8,0
80,39,2.96,22,0
49,66,5.52,54,0
53,22,4.37,42,0
52,74,9.07,45,0
96,33,2.29,61,0
76,18,7.07,6,0
46,28,9.25,62,1
111,41,9.81,77,0
96,55,7.2,68,0
112,74,9.6,25,0
87,15,2.61,31,0
47,76,4.87,86,1
92,42,2.07,71,1
40,10,9.85,83,1
33,74,9.22,82,1
54,27,2.22,39,0
116,49,2.15,11,0
68,55,4.94,20,0
46,1,4.07,26,0
55,17,8.78,75,1
35,54,3.28,24,0
79,25,8.33,32,0
42,0,6.44,76,1
66,1,5.02,14,0
45,66,3.17,59,0
39,12,9.98,49,0
116,8,6.94,88,1
42,44,5.52,44,0
9,9,4.97,46,1
46,52,9.25,76,0
64,43,8.57,89,1
12,51,8.49,65,1
37,39,6.93,62,0
20,62,9.1,78,1
60,51,4.39,88,1
87,33,7.63,66,0
116,1,5.24,26,0
47,21,6.8,57,1
103,10,9.99,21,0
26,1,9.88,45,0
93,21,6.1,40,0
67,16,6.59,88,1
91,6,9.18,49,0
90,24,9.89,86,0
64,40,8.23,72,1
31,14,2.52,76,1
63,21,4.58,15,0
99,1,9.17,69,0
116,4,8.15,22,0
111,12,7.94,51,0
22,36,7.34,43,0
72,53,5.32,23,0
13,63,5.23,88,1
80,50,8.47,78,0
119,49,4.35,51,0
7,74,7.48,0,0
79,20,7.81,16,0
113,63,8.76,20,0
101,74,4.56,87,1
47,45,7.94,36,0
13,67,2.85,4,0
110,11,3.1,52,0
110,70,5.34,85,1
69,45,2.44,50,1
117,17,9.58,39,0
1,4,9.22,15,0
74,57,2.39,79,1
5,34,8.71,9,0
112,24,6.07,84,1
81,31,7.62,20,0
109,79,9.1,12,0
67,34,6.62,31,0
10,6,2.93,0,0
4,22,2.02,1,0
40,11,5.98,16,0
89,54,9.59,62,0
18,64,6.58,73,1
102,67,4.98,22,0
29,50,2.25,58,1
60,61,9.32,31,0
25,33,4.62,38,0
56,50,7.64,30,0
54,8,7.55,80,1
1,43,4.03,46,1
68,44,2.51,45,0
94,2,5.08,77,1
112,43,4.54,59,0
40,57,7.6,13,0
105,29,8.56,16,0
105,43,3.78,30,0
118,22,6.23,8,0
45,21,2.32,62,1
102,10,3.71,44,0
68,26,8.09,3,0
7,64,8.35,36,0
33,74,8.21,74,1
80,50,3.14,81,1
20,49,6.41,86,1
52,49,5.38,83,0
93,38,9.93,54,0
18,33,7.23,83,1
60,49,9.48,86,0
26,62,3.16,57,1
64,33,5.61,37,0
29,45,8.17,86,1
115,37,4.94,37,0
10,22,7.06,14,0
115,23,6.09,9,0
95,6,9.94,51,0
102,35,3.39,3,0
102,56,9.48,10,0
23,54,5.21,22,0
111,78,5.74,47,0
71,3,6.23,43,0
115,60,4.12,46,0
105,63,9.71,45,0
69,34,9.29,89,1
45,22,9.78,19,0
14,28,9.98,42,1
13,54,7.36,55,0
47,68,5.61,24,0
97,51,8.81,16,0
61,41,2.19,4,0
58,52,8.68,29,0
30,5,5.98,22,0
68,48,7.39,17,0
76,3,4.99,24,0
117,76,4.95,62,0
87,71,2.25,74,1
73,40,5.39,46,0
109,29,5.27,5,0
51,58,3.8,66,1
112,51,3.98,13,0
45,56,6.67,5,0
16,41,4.54,51,1
50,18,8.64,38,0
16,5,2.89,28,0
15,22,6.62,87,1
105,42,3.28,8,0
95,33,6.23,4,0
27,40,6.42,52,1
100,22,7.14,37,0
9,75,5.42,72,1
34,29,6.08,3,0
85,67,3.45,37,0
37,31,5.7,13,0
87,35,4.98,3,0
105,48,7.33,41,0
8,21,5.48,66,1
3,17,8.23,14,0
112,30,5.41,75,0
62,64,3.89,46,0
61,11,4.19,43,1
56,35,2.36,83,1
52,53,6.32,29,0
83,56,8.65,18,0
69,34,8.15,70,1
20,6,5.5,9,0
75,1,3.57,78,1
80,37,8.91,74,1
14,64,2.45,87,1
45,2,5.19,41,1
95,70,8.85,55,0
74,54,5.15,79,1
17,0,2.94,11,0
5,27,4.13,27,1
70,17,6.8,42,0
55,75,3.22,56,0
115,44,7.24,61,0
63,25,5.51,83,1
111,22,4.68,44,0
26,45,3.93,15,0
54,0,8.59,17,0
17,20,5.17,72,1
69,13,7.91,41,0
23,49,5.52,56,0
59,53,2.73,50,0
41,37,5.52,73,1
23,11,6.06,19,0
12,29,5.66,15,0
61,67,8.53,66,0
113,16,9.29,39,0
24,13,8.29,73,1
49,8,6.66,11,0
27,65,6.33,24,0
97,9,7.16,86,1
50,46,4.3,75,1
116,79,8.49,5,0
30,51,8.85,73,0
10,32,4.14,5,0
70,16,9.22,10,0
78,0,8.79,80,1
118,12,5.4,11,0
104,76,9.27,27,0
106,11,2.96,12,0
76,1,2.22,53,1
43,65,4.78,5,0
52,33,6.52,25,0
16,28,4.81,29,0
52,57,9.54,58,0
44,41,4.04,44,0
5,73,4.25,17,0
25,37,7.08,41,0
64,57,2.03,41,0
44,70,7.82,31,0
119,37,5.02,48,0
57,22,9.82,29,0
115,77,7.53,30,0
79,18,2.42,70,1
5,3,2.74,22,1
25,46,2.71,29,0
84,78,9.62,12,0
65,6,7.47,62,1
36,67,5.42,63,0
63,66,3.6,61,1
108,74,8.99,15,0
47,33,3.61,40,0
6,20,7.65,26,0
38,40,8.11,68,1
112,11,4.36,30,0
91,67,6.04,37,0
100,53,3.78,40,0
109,38,5.03,68,0
14,41,9.72,63,1
34,56,7.55,73,1
8,41,8.77,38,0
1,67,6.32,73,1
100,73,3.91,78,0
112,75,7.7,47,0
19,49,6.0,61,1
86,59,3.41,81,1
64,24,5.3,75,1
9,3,7.08,24,0
109,32,7.88,64,0
104,69,3.95,40,0
68,10,9.01,13,0
85,43,5.04,33,0
48,15,4.17,88,1
95,34,3.56,86,1
53,11,8.43,70,1
118,58,4.83,89,1
8,64,5.87,51,0
21,60,3.78,68,1
116,56,7.49,14,0
35,18,8.25,26,0
37,42,4.72,15,0
95,8,9.56,84,1
23,29,2.24,55,1
62,40,3.06,83,1
35,53,6.71,37,0
24,7,7.61,36,0
115,65,4.01,60,0
24,36,6.43,51,1
12,70,4.55,33,0
81,42,6.43,28,0
104,43,7.27,46,0
16,55,9.78,6,0
85,65,5.65,16,0
65,12,7.19,3,0
99,40,6.62,13,0
16,2,4.54,17,0
117,37,4.02,6,0
74,65,9.9,4,0
101,69,3.65,73,0
44,22,8.32,16,0
113,30,3.17,49,1
75,44,8.43,8,0
16,31,3.49,85,1
110,14,9.74,21,0
95,24,7.49,67,0
36,32,2.72,57,0
65,41,7.55,69,0
47,73,6.83,56,0
65,43,4.7,45,0
115,30,4.09,69,0
107,52,7.75,73,0
26,61,7.93,34,0
116,34,4.62,84,1
53,39,9.01,88,1
84,17,4.15,64,0
91,69,2.56,83,1
58,69,6.8,9,0
55,13,2.86,48,1
55,27,4.21,58,1
103,21,6.06,83,1
46,73,4.29,10,0
34,5,3.72,72,1
44,16,7.63,6,0
24,25,6.38,32,0
47,44,8.72,62,0
14,19,6.65,26,0
11,42,5.87,75,1
87,59,4.09,83,1
10,66,8.34,14,0
68,7,3.57,23,0
93,11,3.94,6,0
87,7,8.73,63,0
54,72,7.93,79,1
24,52,6.9,54,0
111,42,2.31,11,0
100,63,3.02,15,0
73,46,6.0,3,0
11,18,7.97,44,1
5,40,5.71,64,1
38,56,2.14,13,0
19,2,3.47,76,1
103,48,6.71,22,0
25,39,7.55,46,0
34,5,2.27,60,1
117,21,2.35,48,0
98,35,4.09,43,0
27,27,2.67,30,0
46,23,6.34,38,0
62,51,2.99,21,0
80,32,7.19,26,0
112,39,8.22,67,0
104,63,9.76,79,0
117,7,9.59,76,0
5,28,4.19,29,1
29,5,2.24,28,1
67,74,4.64,5,0
6,14,7.67,24,0
43,65,2.48,52,0
19,15,4.88,24,0
112,25,4.38,66,0
8,48,3.75,4,0
18,66,7.65,37,0
24,14,7.27,25,0
18,17,6.28,44,1
68,70,9.29,2,0
44,25,2.83,37,1
109,16,3.2,70,1
32,59,5.07,77,1
64,7,7.25,23,0
79,69,6.67,38,0
75,70,2.59,62,0
95,68,9.67,41,0
25,23,4.44,48,1
61,9,4.87,30,0
96,34,6.99,75,1
103,26,9.56,56,0
74,76,7.3,86,0
78,50,9.64,70,0
103,75,3.5,33,0
75,60,6.95,29,0
113,57,8.63,7,0
16,8,6.07,56,1
42,5,4.9,67,1
14,3,9.88,31,0
11,47,3.13,1,0
57,16,5.29,74,1
27,79,8.99,20,0
49,10,9.2,52,0
53,75,9.84,4,0
74,53,9.08,5,0
113,8,2.41,80,1
102,4,9.44,60,0
46,31,5.43,0,0
39,27,7.21,9,0
92,25,5.15,44,0
15,42,8.51,61,1
65,10,6.61,38,0
51,10,8.76,78,1
22,55,3.55,58,1
74,79,3.48,55,0
39,21,5.52,26,0
23,74,2.04,61,0
78,27,7.54,78,0
21,26,4.37,4,0
81,7,6.46,66,1
20,33,2.56,79,1
52,39,3.37,38,0
97,53,6.98,68,0
28,12,4.45,32,0
92,15,3.72,17,0
86,34,3.83,73,1
108,5,3.72,28,0
21,11,6.98,68,1
86,50,3.34,28,0
112,76,4.9,35,0
91,45,7.5,61,0
23,11,6.11,30,0
98,79,6.78,72,0
13,41,4.01,3,0
71,57,9.46,1,0
60,15,5.31,7,0
64,46,4.3,23,0
62,6,9.23,4,0
4,50,7.24,34,0
61,16,6.91,2,0
112,72,9.09,68,0
52,4,2.47,13,0
33,52,8.7,87,1
119,11,7.42,77,0
12,54,4.88,62,1
58,39,4.05,71,0
61,77,2.84,69,1
57,52,9.53,76,1
110,29,3.14,49,0
51,6,4.08,56,1
116,47,7.53,42,0
8,35,7.68,56,1
88,4,3.29,34,0
71,46,8.51,11,0
29,16,6.08,83,1
28,18,8.79,62,1
86,0,2.7,63,0
76,29,2.34,25,0
73,17,7.1,69,1
7,5,3.2,46,1
72,34,6.2,6,0
117,17,2.11,85,1
3,10,8.24,89,1
56,37,9.2,78,0
59,5,8.71,42,0
107,79,9.67,20,0
34,37,9.22,0,0
57,79,5.55,66,0
86,70,5.19,80,0
8,78,9.17,9,0
96,43,9.42,61,0
98,33,9.78,2,0
86,57,8.15,69,0
78,6,3.62,2,0
89,67,9.56,87,0
94,25,9.58,15,0
108,0,7.33,36,0
51,19,8.86,62,0
55,19,6.49,76,1
76,1,9.55,32,0
23,53,2.75,88,1
102,7,8.91,1,0
92,67,2.44,42,0
76,36,4.71,88,1
36,57,3.08,24,0
42,27,5.83,48,0
52,10,3.86,40,0
79,14,9.62,35,0
93,51,6.47,69,0
80,57,9.18,46,0
111,21,4.22,64,0
115,28,2.21,46,0
84,75,8.21,89,0
45,68,7.62,42,0
72,33,6.36,71,0
51,19,8.52,55,0
75,24,8.72,72,0
97,43,6.7,79,1
44,45,9.73,20,0
61,14,7.76,27,0
6,5,7.42,27,0
88,39,4.89,43,0
59,63,2.02,44,0
55,12,3.93,0,0
64,32,8.11,80,1
26,12,7.68,77,1
72,19,4.65,54,1
89,48,7.0,27,0
42,22,3.56,74,1
16,21,4.11,24,0
47,79,9.58,27,0
24,13,5.31,89,1
45,15,3.96,83,1
75,74,5.9,52,0
14,44,5.1,15,0
89,3,7.84,11,0
27,33,9.7,86,1
107,45,6.73,23,0
88,20,6.73,61,1
33,43,4.92,31,0
68,51,6.52,44,0
14,20,4.55,88,1
12,64,2.01,53,1
114,36,8.93,38,0
96,77,5.44,37,0
19,7,5.94,20,0
34,25,2.67,50,1
24,57,8.7,51,0
48,71,3.36,8,0
35,17,5.28,36,0
40,78,8.72,58,0
63,15,5.66,4,0
23,33,9.45,87,1
106,25,3.67,77,1
87,33,7.72,57,0
91,72,9.82,1,0
21,58,6.4,46,0
85,63,7.54,80,0
100,20,5.15,2,0
21,75,8.01,71,0
90,34,9.27,75,0
43,52,7.62,6,0
94,55,9.49,20,0
57,53,6.71,65,0
96,48,6.62,82,0
18,38,4.44,69,1
47,51,7.68,47,0
33,72,9.06,54,0
30,31,7.17,47,0
37,40,3.86,51,0
46,14,6.35,69,1
16,28,8.05,4,0
85,61,9.51,18,0
66,51,3.25,5,0
99,16,3.02,71,0
84,43,5.3,65,0
18,64,3.0,4,0
9,9,9.84,9,0
51,4,5.39,23,0
58,31,6.27,21,0
29,52,3.82,46,0
94,25,5.59,44,0
70,65,9.88,32,0
90,67,5.91,14,0
13,42,2.07,58,1
97,30,3.94,71,0
25,3,9.83,57,0
54,65,9.91,72,0
53,71,3.68,82,1
98,35,6.92,75,0
33,41,2.62,58,1
29,60,6.62,4,0
41,55,3.01,30,0
43,10,8.55,38,0
22,53,9.52,64,0
21,73,3.38,76,1
28,60,5.7,57,0
56,38,2.82,32,0
41,41,4.71,70,1
47,20,2.52,62,1
86,52,4.12,71,0
29,19,9.92,53,1
109,27,2.36,58,0
90,21,8.87,31,0
21,26,2.62,35,0
38,29,6.23,24,0
22,6,5.62,23,0
33,57,9.45,58,0
44,35,3.59,34,0
16,75,3.44,12,0
2,14,7.99,3,0
53,53,7.81,77,0
84,14,7.59,39,0
37,43,2.21,51,1
103,39,4.08,81,1
44,35,8.72,10,0
108,52,6.81,84,0
29,66,6.82,63,0
65,25,4.37,57,0
91,67,4.08,38,0
8,14,9.57,63,1
111,23,7.82,18,0
44,24,3.01,27,0
60,76,9.5,86,1
75,9,6.66,24,0
77,31,4.67,64,1
3,33,5.18,83,1
104,64,7.8,53,0
75,38,5.01,26,0
119,77,6.63,76,0
57,59,7.68,74,0
74,56,3.56,48,0
53,60,9.55,10,0
106,12,4.85,39,0
100,35,5.35,38,0
109,46,7.59,17,0
61,16,6.87,36,0
95,9,5.52,13,0
43,10,7.2,62,1
55,63,9.22,38,0
91,52,8.4,65,0
10,22,8.59,41,0
85,58,4.07,64,0
2,55,5.36,65,1
70,65,6.43,14,0
57,72,2.35,39,0
56,70,8.16,67,0
59,14,4.59,53,1
59,61,4.26,19,0
49,31,4.07,74,1
54,32,4.27,17,0
68,51,4.7,89,1
91,48,6.84,63,0
66,33,6.67,29,0
77,79,4.05,17,0
100,13,3.65,81,1
118,7,8.61,47,0
13,2,2.74,72,1
85,65,6.1,74,0
27,32,6.16,6,0
24,34,6.59,61,1
95,51,9.09,30,0
9,34,6.99,81,1
101,45,9.79,19,0
92,4,8.97,3,0
119,12,3.72,59,0
80,74,3.93,49,0
104,36,4.76,49,0
15,13,5.13,23,0
106,29,6.42,44,0
20,26,3.86,86,1
38,21,3.78,68,1
16,23,5.05,88,1
48,58,7.38,29,0
90,8,7.51,78,1
32,24,9.81,34,0
98,37,3.62,84,1
73,43,5.14,77,1
75,70,9.72,14,0
112,73,7.52,87,0
52,23,6.74,54,0
42,43,6.32,69,1
119,1,2.6,52,1
67,49,9.15,19,0
74,12,7.0,88,1
36,5,6.57,10,0
26,53,6.32,72,1
21,14,5.14,18,0
27,38,4.04,70,1
24,8,8.04,38,1
89,59,6.08,21,0
7,61,2.27,21,0
75,45,5.19,28,0
113,66,9.43,81,0
92,34,4.99,69,0
48,14,5.31,60,1
8,12,6.99,56,1
100,17,8.41,37,0
1,16,7.35,81,1
82,25,8.8,24,0
80,17,2.91,84,1
23,47,9.4,34,0
89,11,9.23,30,0
21,49,6.15,42,0
27,26,7.0,67,1
97,54,3.7,64,0
117,41,5.58,69,0
32,72,3.62,8,0
110,35,2.18,14,0
109,23,9.85,76,0
92,47,4.07,88,1
17,52,6.74,11,0
36,35,4.4,81,1
81,44,4.96,23,0
119,37,5.18,88,1
97,24,4.68,89,1
51,25,7.1,57,0
28,72,9.69,17,0
115,54,5.43,70,0
33,7,9.79,9,0
41,76,7.34,30,0
115,56,6.86,57,0
67,4,3.9,6,0
32,58,2.5,35,0
1,47,8.82,71,1
52,73,6.59,8,0
118,39,5.32,33,0
52,41,8.5,0,0
84,25,4.48,59,0
31,25,8.27,7,0
93,49,4.62,25,0
93,66,9.37,47,0
73,71,4.14,19,0
92,61,3.1,20,0
69,48,7.58,75,0
46,40,3.3,69,1
88,27,9.59,7,0
100,61,7.24,77,0
101,25,3.85,42,0
26,21,3.67,13,0
81,69,9.39,81,0
1,47,6.86,30,0
69,28,9.15,29,0
68,69,2.88,13,0
44,77,9.4,79,0
119,25,6.16,25,0
106,41,7.35,53,0
5,38,4.98,21,0
25,56,2.47,80,1
25,76,9.66,70,1
107,43,9.96,45,0
62,63,4.92,31,0
87,47,9.55,58,0
97,70,3.34,44,0
92,32,3.24,84,1
11,30,2.58,60,1
17,33,5.13,2,0
48,79,2.42,74,0
41,48,5.16,17,0
89,12,3.11,27,0
19,3,7.84,39,1
45,41,8.67,18,0
29,64,7.5,84,0
23,38,3.6,88,1
21,44,8.13,14,0
24,63,4.0,28,0
68,41,8.08,33,0
49,72,6.54,60,0
52,51,4.93,53,1
58,58,2.67,61,1
89,62,8.62,2,0
103,50,9.52,46,0
63,4,7.33,18,0
77,34,9.72,20,0
88,11,9.47,69,0
83,40,3.56,12,0
16,11,7.85,2,0
117,40,4.79,43,0
20,27,5.9,66,1
50,1,3.26,45,1
78,9,9.8,14,0
48,40,7.81,69,1
29,6,4.14,34,1
110,68,4.97,63,0
9,60,5.38,18,0
30,56,7.98,82,0
119,13,9.41,25,0
87,63,4.57,87,0
11,50,5.78,33,0
90,31,6.75,65,0
116,0,5.15,45,0
12,42,6.03,6,0
50,63,2.85,8,0
56,2,3.34,36,1
16,4,5.21,17,0
24,30,9.32,54,0
21,40,4.79,12,0
23,37,4.0,53,1
49,34,7.94,18,0
56,20,9.59,16,0
29,4,5.67,33,1
35,2,2.07,52,1
23,7,7.51,35,1
95,55,5.32,31,0
26,62,7.39,30,0
109,34,4.22,30,0
65,6,2.02,36,0
96,33,4.76,75,1
76,78,7.64,52,0
32,19,5.14,37,0
72,39,3.75,67,0
33,43,5.71,47,1
15,26,8.02,85,1
31,35,2.96,50,0
33,37,7.53,19,0
17,37,7.34,50,0
3,57,4.97,69,1
113,46,9.76,19,0
62,4,9.16,18,0
48,0,4.53,53,1
111,32,2.25,79,1
27,72,4.47,30,0
48,2,3.64,45,1
101,5,6.38,58,1
76,54,9.35,59,0
48,36,8.96,13,0
31,18,4.45,35,0
5,16,5.43,89,1
11,53,2.29,79,1
20,41,6.35,69,1
94,51,2.51,2,0
77,22,9.51,37,0
52,42,8.94,4,0
94,68,3.71,27,0
20,25,7.59,77,1
26,31,6.54,34,0
47,13,8.41,15,0
110,51,5.81,64,0
74,2,3.53,68,1
102,19,7.12,58,0
30,57,2.64,72,1
101,1,6.68,63,1
9,79,3.7,57,0
28,32,7.48,80,1
63,31,8.62,29,0
7,42,2.88,41,1
103,51,5.2,50,0
104,36,7.87,60,0
65,70,3.31,42,0
37,76,6.53,39,0
12,16,7.37,14,0
74,56,4.84,57,0
64,24,8.66,11,0
91,79,6.09,42,0
72,20,7.02,36,0
16,23,3.13,69,1
15,57,2.19,42,0
93,63,2.41,0,0
19,10,9.23,45,0
112,44,9.06,19,0
13,27,8.46,34,0
87,48,3.6,26,0
117,44,6.2,14,0
53,78,8.37,85,0
7,74,7.4,22,0
105,52,2.92,45,0
23,54,9.16,74,0
63,71,3.29,32,0
118,14,3.37,84,1
89,58,9.21,36,0
6,61,5.88,85,1
98,10,4.98,40,0
20,70,6.43,1,0
90,55,9.85,78,0
74,27,2.96,77,1
35,38,8.06,86,1
51,39,4.67,11,0
15,73,2.94,75,1
118,77,5.38,30,0
29,64,6.39,75,1
37,52,3.65,86,1
60,8,5.24,17,0
81,73,7.09,33,0
61,10,6.61,24,0
61,13,7.79,27,0
70,5,8.69,53,1
103,75,5.27,37,0
48,39,5.38,59,0
100,18,5.97,60,0
94,6,6.53,18,0
115,32,2.87,3,0
109,57,4.5,67,0
95,79,3.38,16,0
30,44,5.09,17,0
93,48,9.79,54,0
88,66,6.66,23,0
35,72,5.44,17,0
81,22,6.53,27,0
31,79,7.35,47,0
63,41,5.48,76,1
95,74,5.58,88,1
23,9,7.61,65,1
41,7,2.49,80,1
95,70,6.32,47,0
55,53,6.38,36,0
115,14,8.05,73,0
1,71,9.86,27,0
86,8,8.37,73,1
97,54,6.03,89,0
110,16,3.36,35,0
19,5,6.71,57,1
118,64,8.67,70,0
47,67,9.46,70,0
42,8,8.6,18,0
43,7,3.51,86,1
76,49,7.7,45,0
79,2,9.04,3,0
57,59,7.45,10,0
9,73,7.49,65,1
118,60,6.0,38,0
27,18,7.1,9,0
12,15,4.36,46,1
72,54,2.71,53,0
50,4,8.62,7,0
74,43,9.55,31,0
105,35,8.85,41,0
12,59,4.67,70,1
34,16,2.75,58,1
62,60,4.24,7,0
94,55,8.74,55,0
72,19,7.25,81,1
46,28,9.73,4,0
73,5,4.74,88,1
117,35,6.41,8,0
58,20,8.32,56,0
106,9,3.87,31,0
93,44,9.71,65,0
36,45,6.74,75,1
30,6,2.06,76,1
92,14,2.2,78,1
25,6,9.06,73,1
41,54,7.16,27,0
29,27,8.1,41,0
73,5,8.27,64,1
36,15,5.36,15,0
79,78,8.39,51,0
112,20,9.5,47,0
99,54,3.38,88,0
113,37,8.11,4,0
3,14,4.46,8,0
55,24,4.57,2,0
27,1,5.3,49,1
110,59,8.91,49,0
85,26,2.18,53,0
39,39,5.47,21,0
68,12,7.44,27,0
73,65,2.88,37,0
59,17,8.34,4,0
57,45,9.54,67,0
7,69,2.73,4,0
54,57,3.22,60,1
42,48,9.79,40,0
98,71,3.58,89,1
103,14,2.63,62,1
90,77,9.62,42,0
4,44,9.14,63,1
101,32,7.25,10,0
48,20,6.41,16,0
50,59,9.35,44,0
113,78,7.24,77,0
104,55,7.27,73,0
7,2,8.75,33,1
43,37,7.23,25,0
90,58,6.03,86,1
65,31,5.12,50,0
31,61,6.03,10,0
63,56,6.18,20,0
104,5,4.89,75,1
27,44,5.58,80,1
89,13,8.41,81,1
88,38,5.33,0,0
106,30,2.2,74,1
36,64,4.26,10,0
26,69,3.85,72,1
66,36,8.35,79,1
64,42,5.59,32,0
49,50,4.24,17,0
93,52,8.49,64,0
96,50,2.15,6,0
30,62,3.39,52,0
95,78,8.62,29,0
28,66,6.41,38,0
49,10,8.19,74,1
4,38,8.71,89,1
41,36,9.54,36,0
115,40,2.51,26,0
53,42,8.39,75,1
85,57,7.67,37,0
13,33,3.66,17,0
76,21,9.45,81,0
45,36,5.23,89,1
89,68,9.1,26,0
111,24,6.84,14,0
64,1,6.21,13,0
13,78,3.28,53,0
57,15,9.31,27,0
15,48,6.45,56,1
54,64,2.05,68,0
8,21,2.15,0,0
77,27,8.22,77,1
37,22,3.3,2,0
24,11,6.79,10,0
3,12,7.45,65,1
106,14,4.23,55,0
100,36,6.55,88,1
97,42,3.92,51,0
7,1,9.57,37,1
42,67,8.88,60,0
116,54,4.3,68,0
69,5,6.23,60,1
16,67,6.01,33,0
17,2,9.68,86,1
32,44,5.15,27,0
116,37,6.5,31,0
21,40,9.43,24,0
108,76,3.3,26,0
81,74,6.4,19,0
110,22,2.85,52,0
99,46,6.94,65,0
40,76,4.93,38,0
99,58,9.74,83,0
21,71,5.32,42,0
35,34,3.09,42,1
26,22,8.67,6,0
16,40,8.57,81,1
11,65,7.56,13,0
23,74,7.99,14,0
15,54,4.12,84,1
46,56,7.14,46,0
9,40,2.3,6,0
8,25,3.58,39,1
118,33,9.46,53,0
11,39,7.91,0,0
9,65,3.85,67,1
4,44,2.89,60,1
16,63,9.59,1,0
63,2,2.9,55,1
99,60,4.06,20,0
88,40,3.46,66,1
70,79,2.06,33,0
11,37,4.51,18,0
93,38,9.79,45,0
5,10,4.74,39,1
76,64,6.03,30,0
49,56,7.97,79,0
105,68,6.41,58,0
37,7,7.95,43,1
76,16,7.29,20,0
53,70,6.87,51,0
63,3,7.2,2,0
112,40,8.39,79,1
85,32,7.68,0,0
50,75,8.33,62,0
54,68,3.16,31,0
84,71,7.42,64,0
42,23,7.9,32,0
20,47,4.4,2,0
56,56,9.0,85,1
9,77,4.44,68,0
21,0,3.95,4,0
51,78,8.94,2,0
95,28,3.98,47,0
93,10,5.32,86,1
32,49,4.94,52,0
51,62,9.18,0,0
19,10,5.64,62,1
90,3,7.55,38,0
30,71,8.35,57,0
96,74,7.02,31,0
101,12,9.55,0,0
83,72,8.42,1,0
40,72,5.2,56,0
114,79,9.61,57,0
82,17,6.2,29,0
77,46,2.18,7,0
102,79,4.08,69,0
105,72,6.97,13,0
10,48,3.25,16,0
105,15,6.67,40,0
92,6,4.89,64,0
25,20,6.28,89,1
37,5,2.01,56,1
90,15,8.79,86,1
26,5,4.9,58,1
54,60,3.12,76,1
82,47,5.5,15,0
78,41,5.89,5,0
109,64,7.1,60,0
14,32,6.2,87,1
36,32,2.35,66,1
118,16,8.97,30,0
68,35,5.65,44,0
30,13,2.62,10,0
35,47,8.18,30,0
41,79,7.28,61,0
66,42,7.2,14,0
34,23,5.42,43,0
75,55,5.28,26,0
53,65,6.29,44,0
73,37,2.4,68,1
19,20,4.39,79,1
75,57,9.9,36,0
111,14,7.3,74,0
17,79,5.35,63,0
39,25,3.78,82,1
83,28,7.96,66,0
74,58,4.08,49,0
81,0,3.3,60,0
67,16,3.24,28,0
82,10,7.83,60,0
73,31,7.14,63,0
9,44,2.56,54,1
90,14,2.92,9,0
54,27,7.07,46,0
7,61,6.57,63,0
49,75,7.49,17,0
52,1,3.42,70,1
11,50,7.81,75,1
119,2,9.49,48,0
27,41,6.81,86,1
40,70,3.57,77,0
53,63,7.44,41,0
100,18,4.74,79,1
89,20,2.39,83,1
92,62,4.42,9,0
29,65,9.24,89,1
101,22,5.29,0,0
99,0,8.92,43,0
56,35,6.07,84,1
65,49,6.14,65,1
5,35,2.04,24,1
91,74,7.1,57,0
115,65,2.86,19,0
57,63,5.83,21,0
65,1,4.08,82,1
60,68,5.14,4,0
10,60,6.3,86,1
74,31,2.12,40,0
86,47,4.28,5,0
111,65,9.92,70,0
111,72,2.46,4,0
59,44,4.56,29,0
115,3,4.57,21,0
63,49,5.04,70,1
77,54,7.48,35,0
72,4,3.98,58,1
119,65,5.68,6,0
88,16,7.16,62,0
15,71,4.58,63,0
9,44,9.59,25,0
49,25,9.84,79,1
62,4,2.96,42,1
80,1,4.75,60,1
58,59,3.66,16,0
62,30,3.49,83,1
110,67,5.93,22,0
40,18,6.51,56,1
59,73,5.41,8,0
67,75,4.18,4,0
56,8,4.23,11,0
116,51,9.94,84,0
115,75,9.39,18,0
62,25,2.61,79,1
54,5,7.25,52,0
71,70,5.66,7,0
22,37,7.51,39,0
51,2,6.78,43,1
26,67,9.11,24,0
18,54,2.54,54,1
12,5,4.8,77,1
70,20,9.88,79,1
1,1,3.46,47,1
77,76,3.02,80,0
52,1,7.83,83,1
44,63,8.22,7,0
92,40,7.38,57,0
65,46,8.21,69,1
88,64,7.55,1,0
85,71,3.09,54,0
4,10,6.87,82,1
26,1,8.22,24,0
68,9,8.92,77,1
117,54,3.97,84,0
19,45,3.02,57,1
13,6,8.25,56,1
112,18,4.05,48,0
116,42,2.26,36,0
20,58,8.6,40,0
48,27,6.05,47,0
75,75,4.61,43,0
24,79,2.09,74,1
39,61,2.28,69,1
48,36,8.34,31,0
77,70,5.92,46,0
37,58,3.2,19,0
50,41,4.87,15,0
35,35,3.32,33,0
91,66,2.9,5,0
19,44,4.21,76,1
28,14,6.4,11,0
30,79,3.68,29,0
108,5,4.75,22,0
113,55,5.82,18,0
60,52,5.36,33,0
19,46,3.03,64,1
90,4,2.31,80,1
59,39,2.28,16,0
102,71,4.8,21,0
43,19,7.75,42,0
119,55,3.05,28,0
97,68,8.3,71,0
27,76,7.73,20,0
87,41,2.03,36,0
35,25,2.21,49,1
42,55,3.56,34,0
30,38,2.45,55,1
82,50,6.25,71,0
32,59,2.32,47,0
77,56,8.42,41,0
70,19,5.94,85,1
90,60,7.82,88,0
119,43,8.01,89,0
2,74,6.05,1,0
118,52,9.4,75,0
14,71,9.92,80,1
63,78,4.87,72,0
41,79,3.01,67,1
77,59,4.91,32,0
86,47,3.79,65,0
103,9,6.25,52,0
48,30,5.03,74,1
112,38,5.84,31,0
39,62,8.11,66,0
25,47,4.19,70,1
46,35,6.3,75,0
63,11,4.68,15,0
80,57,8.28,77,0
100,34,7.12,19,0
27,2,2.07,84,1
37,22,7.28,3,0
112,70,3.36,20,0
53,9,7.8,54,0
29,32,6.54,48,0
118,40,5.21,61,0
54,6,7.55,36,0
118,13,8.85,0,0
110,75,8.23,55,0
108,47,6.36,45,0
70,16,7.78,45,0
96,13,5.31,33,0
115,34,8.31,80,0
33,57,8.63,71,0
5,58,3.1,16,0
39,15,3.9,3,0
76,58,4.16,16,0
66,71,3.33,4,0
10,18,5.14,63,1
67,2,3.54,55,1
21,76,6.76,41,0
61,41,2.81,53,0
69,62,4.16,72,0
76,25,7.32,74,1
50,23,5.19,39,0
49,18,5.37,53,1
81,17,8.38,51,0
90,37,9.88,85,1
97,8,6.52,68,0
40,67,2.63,28,0
51,40,2.82,79,1
40,73,9.75,35,0
63,40,7.43,68,1
16,24,8.02,87,1
52,41,7.41,72,1
23,12,3.44,9,0
64,65,5.59,18,0
102,57,8.38,71,0
118,11,8.93,11,0
54,46,3.9,1,0
7,43,6.77,23,0
28,16,3.26,43,1
13,9,9.67,11,0
91,60,4.02,13,0
118,21,7.81,30,0
66,41,3.85,53,0
22,19,6.93,48,1
3,52,7.27,71,1
117,3,4.63,88,1
38,28,8.55,2,0
14,43,9.08,61,0
22,35,8.84,14,0
31,48,4.65,32,0
79,14,7.95,30,0
107,35,6.48,63,0
33,60,6.74,23,0
82,26,5.82,80,1
8,12,6.8,34,0
2,67,3.09,73,1
7,62,5.27,85,1
110,54,3.42,45,0
70,63,4.24,9,0
96,62,3.02,63,0
3,59,3.7,38,0
3,40,8.26,30,0
102,1,6.4,41,0
13,47,2.19,26,0
19,21,8.31,25,0
62,61,9.28,89,0
73,37,9.04,25,0
28,72,8.58,41,0
53,47,9.94,64,0
81,44,6.69,19,0
53,73,9.7,55,0
46,38,9.59,80,1
9,30,4.51,73,1
54,29,8.91,2,0
96,70,8.34,36,0
75,60,8.21,0,0
107,13,9.17,54,0
16,39,5.07,29,0
2,29,5.2,80,1
66,51,7.12,15,0
22,4,7.9,76,1
71,57,9.04,30,0
108,59,9.01,82,0
41,18,7.77,17,0
66,12,9.66,24,0
82,50,3.43,31,0
18,20,9.6,88,1
107,75,2.51,66,0
25,62,6.44,73,1
97,76,2.72,49,0
79,42,6.54,71,1
17,75,5.12,56,0
87,1,2.65,60,1
24,23,7.18,75,1
72,0,7.85,88,1
115,54,3.39,51,0
114,40,7.56,39,0
104,23,3.43,58,0
59,24,3.1,66,1
67,51,3.18,88,1
36,14,6.79,62,1
110,41,8.23,85,0
57,49,6.78,65,0
92,19,8.47,85,0
43,18,6.73,67,1
89,28,8.38,79,0
27,47,9.81,17,0
88,20,5.13,89,1
6,30,3.2,31,1
13,43,3.08,71,1
42,14,6.78,35,0
58,45,6.38,41,0
85,11,3.47,67,1
43,11,9.06,48,0
3,18,9.65,64,1
39,22,4.03,7,0
53,2,3.66,75,1
65,76,3.71,36,0
77,24,5.1,70,1
30,64,8.83,25,0
73,72,6.77,53,0
76,64,2.54,52,0
93,66,5.78,12,0
63,8,2.72,42,0
97,29,5.25,57,0
27,59,5.23,75,1
85,46,7.19,79,0
6,0,6.4,34,1
13,45,9.0,57,1
103,64,2.13,15,0
57,66,8.19,80,0
74,30,2.18,78,1
72,18,4.43,89,1
83,24,9.04,43,0
30,23,7.52,32,0
22,27,3.38,68,1
6,24,5.93,65,1
103,36,7.78,19,0
27,3,9.5,48,0
69,22,7.07,57,1
55,25,2.2,40,0
20,12,6.0,33,0
50,70,3.22,21,0
10,54,2.38,37,0
22,72,6.79,22,0
17,44,8.22,27,0
99,8,2.29,16,0
68,72,8.27,33,0
111,36,7.65,56,0
52,54,8.02,33,0
24,30,3.96,12,0
73,39,5.15,72,1
111,39,2.96,38,0
64,22,3.91,52,1
3,44,4.42,47,1
37,58,4.56,45,1
111,1,3.4,39,0
62,10,3.51,68,1
114,67,9.21,76,0
61,45,8.27,81,1
2,77,4.76,39,0
104,48,9.58,30,0
91,52,3.91,7,0
86,71,5.25,39,0
116,52,8.51,89,0
24,26,5.54,23,0
108,42,3.88,76,0
28,18,4.95,68,1
116,26,6.01,59,0
23,54,6.97,50,0
66,11,5.24,68,0
94,53,5.45,8,0
10,46,4.11,11,0
8,24,6.28,17,0
102,3,3.76,68,1
8,56,8.94,38,0
74,65,7.98,18,0
112,58,5.28,4,0
74,33,7.98,44,0
58,52,2.06,35,0
50,33,4.76,16,0
76,28,5.52,2,0
69,26,5.76,67,0
60,16,7.99,70,1
19,77,9.7,22,0
79,53,5.04,44,0
89,13,4.8,22,0
85,69,6.88,36,0
9,12,4.25,9,0
84,47,3.13,85,1
87,13,9.69,64,0
22,28,8.48,81,1
102,52,9.67,26,0
63,79,3.74,78,0
57,79,2.14,46,0
87,71,5.5,17,0
61,18,9.47,29,0
65,7,3.11,73,1
38,72,2.94,69,0
111,73,2.55,64,0
116,22,8.12,20,0
16,1,8.29,58,1
88,51,7.56,84,0
3,6,2.43,4,0
44,3,7.79,28,0
116,74,5.59,7,0
21,39,3.26,9,0
45,8,4.36,89,1
27,52,6.01,21,0
87,29,4.64,16,0
56,42,9.76,6,0
71,71,5.8,88,1
113,19,4.98,42,0
63,51,7.39,71,0
88,66,7.2,22,0
12,33,2.02,57,1
26,77,6.95,79,1
113,35,3.95,60,0
103,36,5.0,46,0
79,70,7.65,18,0
46,50,6.46,21,0
24,69,4.95,53,0
102,63,3.34,40,0
94,56,6.04,4,0
29,19,4.55,17,0
71,31,9.3,38,0
74,69,6.27,16,0
57,49,8.93,49,0
111,22,5.12,27,0
15,26,8.62,26,0
31,62,2.45,9,0
12,14,4.38,45,1
83,8,2.63,16,0
77,61,2.25,56,0
118,23,9.35,84,0
65,61,7.73,82,0
18,42,7.0,60,1
54,79,6.26,72,0
11,41,6.56,82,1
80,69,7.11,61,0
81,68,8.61,23,0
103,16,6.78,45,0
41,79,7.99,77,0
37,59,4.25,60,0
9,8,9.81,32,0
50,0,2.26,15,0
57,21,5.09,12,0
90,1,9.06,33,0
90,28,3.44,72,1
17,79,3.13,49,0
34,38,4.92,5,0
61,1,5.43,82,1
40,39,9.47,36,0
4,17,8.69,35,0
101,68,5.71,73,0
88,7,9.78,33,0
62,61,7.14,55,0
38,35,8.99,82,1
101,1,3.97,46,0
5,53,5.91,55,1
54,36,2.24,31,0
96,61,2.07,80,1
114,49,7.64,6,0
30,62,2.95,24,0
78,36,6.38,89,1
23,0,7.57,43,1
14,10,2.26,15,0
43,36,5.59,37,0
106,31,7.47,22,0
83,63,9.12,47,0
59,32,4.39,21,0
34,68,9.79,35,0
17,15,8.76,81,1
33,30,7.21,7,0
19,60,5.14,68,1
23,9,7.69,7,0
82,25,8.53,41,0
16,60,4.43,60,1
6,47,9.94,85,1
65,62,9.27,22,0
35,41,5.88,4,0
55,68,7.78,67,0
17,70,6.19,80,1
25,77,8.09,50,0
53,9,8.62,5,0
83,47,2.19,45,0
50,9,2.63,35,1
65,18,4.69,40,0
63,24,9.34,4,0
32,51,5.19,28,0
34,34,9.1,89,1
51,69,5.7,4,0
4,23,4.31,82,1
82,49,9.21,46,0
74,61,6.49,52,0
37,78,4.88,84,0
45,19,2.36,19,0
40,58,2.89,88,1
78,6,3.11,24,0
91,43,4.92,31,0
13,33,6.86,40,0
50,76,4.46,54,0
2,61,2.52,29,1
54,74,4.12,71,1
30,68,5.27,1,0
40,32,9.94,59,0
55,58,5.14,59,0
39,2,2.71,48,1
47,44,6.65,55,0
92,3,9.36,67,0
97,57,8.29,81,0
1,77,8.69,19,0
45,54,9.43,42,0
101,67,7.09,50,0
64,18,9.96,31,0
25,79,2.27,87,1
71,44,8.68,46,0
18,53,8.86,53,1
3,61,9.33,17,0
76,51,5.83,37,0
62,25,8.3,56,0
91,48,3.56,38,0
42,52,6.83,69,0
102,68,4.87,12,0
51,38,6.77,13,0
88,40,7.4,30,0
12,40,4.78,28,0
12,9,3.73,73,1
94,7,4.57,78,1
100,1,7.31,42,0
113,53,7.41,45,0
39,33,7.93,26,0
3,69,3.01,47,0
117,56,8.55,63,0
72,11,7.51,65,1
30,8,2.24,87,1
91,29,4.68,52,0
108,73,5.73,30,0
34,3,4.88,6,0
92,14,2.94,61,1
94,2,3.66,72,1
60,33,2.2,49,0
76,79,2.74,83,0
33,54,4.13,28,0
111,39,8.56,4,0
117,11,6.21,56,0
117,28,5.4,10,0
88,41,7.3,7,0
6,21,6.33,63,1
44,56,3.05,39,0
53,78,3.78,54,0
115,16,3.78,67,0
66,20,6.8,34,0
64,10,5.69,54,0
18,58,5.1,48,1
95,36,6.45,52,0
41,22,9.76,63,1
11,17,4.51,34,0
118,5,6.16,45,0
23,38,5.84,53,0
2,54,7.73,12,0
10,18,7.84,19,0
54,0,7.83,8,0
13,37,3.61,17,0
101,54,5.59,39,0
61,27,8.49,84,1
39,20,5.05,83,1
1,12,9.87,68,1
58,59,4.92,50,0
19,68,5.98,18,0
117,61,5.8,32,0
35,41,5.47,68,1
57,57,8.77,81,0
3,31,3.24,86,1
16,1,6.54,34,1
25,29,6.95,43,0
7,56,8.81,45,0
87,51,6.87,5,0
113,79,9.68,10,0
118,79,8.98,4,0
32,19,4.79,66,1
94,0,8.88,20,0
60,21,9.67,63,0
6,70,4.06,33,0
11,65,6.88,71,1
66,7,4.25,10,0
51,12,7.2,29,0
1,45,2.75,18,0
111,52,7.87,39,0
87,78,5.36,50,0
60,60,6.7,15,0
118,16,2.21,60,0
116,2,7.56,86,0
116,50,5.97,3,0
31,44,7.0,7,0
105,73,4.53,85,0
61,46,3.17,58,0
87,40,5.48,82,0
103,24,9.55,63,0
20,6,3.82,64,1
54,70,7.41,14,0
16,66,2.4,46,0
34,13,7.74,32,0
50,56,3.91,75,1
102,29,5.61,3,0
103,34,4.94,1,0
47,67,2.9,50,0
40,67,4.76,87,1
64,15,4.8,89,1
109,24,6.18,53,0
117,65,9.78,38,0
27,73,5.76,24,0
23,6,9.32,89,1
85,66,5.69,16,0
36,39,2.86,11,0
24,47,3.84,45,0
4,6,5.26,35,1
48,54,4.6,44,0
47,54,8.93,81,1
68,53,7.43,24,0
24,63,6.63,78,1
86,75,5.93,19,0
81,67,5.18,29,0
56,59,6.9,0,0
22,78,3.0,61,1
61,53,3.3,77,1
81,53,4.42,79,1
45,43,3.37,15,0
32,61,7.42,69,0
61,5,2.2,12,0
43,40,3.28,56,1
48,34,9.22,63,0
42,73,9.98,13,0
37,5,5.9,9,0
86,51,5.96,6,0
55,14,8.19,63,0
56,70,2.29,55,0
78,68,5.42,10,0
43,18,2.8,45,1
13,69,5.21,71,1
102,39,9.87,21,0
7,77,8.03,54,0
69,58,9.88,26,0
32,2,7.97,23,0
26,16,6.86,35,0
5,32,8.03,31,0
108,16,7.27,44,0
52,10,5.71,18,0
41,78,4.34,35,0
89,69,6.16,56,0
5,34,4.07,34,0
68,17,5.89,59,1
59,14,3.17,10,0
66,73,6.52,12,0
15,26,3.96,77,1
114,1,4.35,41,0
29,31,5.99,54,0
81,36,3.3,66,1
89,49,9.7,13,0
41,27,5.58,87,1
16,73,4.82,38,0
36,51,2.23,80,1
97,78,8.75,37,0
108,29,7.01,36,0
112,52,5.33,54,0
27,29,3.96,17,0
73,55,7.96,54,0
18,59,9.56,88,1
85,25,5.05,58,0
50,75,3.08,6,0
85,68,2.87,62,0
82,71,2.05,3,0
119,17,7.95,9,0
59,57,9.85,25,0
41,8,9.94,27,0
63,8,8.27,0,0
20,77,3.3,1,0
14,12,9.82,71,1
62,69,4.62,40,0
99,34,4.67,17,0
64,24,7.5,38,0
94,5,2.39,62,1
22,54,8.61,66,1
54,57,9.98,25,0
73,37,8.2,15,0
42,64,8.25,86,1
2,25,5.12,56,1
9,44,2.53,88,1
111,22,8.34,27,0
73,46,6.78,10,0
32,10,9.27,34,0
31,38,2.93,29,0
5,43,4.44,64,1
113,44,4.89,64,0
13,35,7.47,6,0
91,51,8.3,52,0
29,40,9.69,30,0
40,22,4.36,55,1
33,17,5.95,35,0
99,51,2.23,48,0
4,75,4.02,64,1
42,60,4.99,26,0
34,51,6.75,17,0
33,73,5.77,63,0
23,71,4.92,85,1
109,40,6.99,39,0
46,8,8.63,89,1
50,50,3.93,16,0
46,49,4.74,73,0
117,22,7.64,88,1
41,67,8.22,26,0
41,69,8.6,13,0
40,26,3.67,59,1
39,38,6.31,78,1
11,15,9.2,7,0
72,14,5.14,57,1
3,21,5.44,78,1
27,29,9.88,2,0
25,21,2.9,46,0
35,12,7.64,6,0
91,35,8.8,15,0
72,49,3.21,43,0
118,26,7.72,29,0
42,42,5.76,7,0
111,21,8.82,72,0
6,56,9.26,18,0
61,51,8.98,78,0
96,76,2.52,15,0
64,4,8.05,46,0
112,68,9.37,65,0
38,27,6.97,43,0
4,5,6.81,37,0
93,55,2.36,67,0
9,13,8.85,1,0
92,14,2.37,74,1
88,78,4.51,62,0
101,17,9.41,68,0
57,43,9.6,37,0
107,16,9.94,34,0
21,9,5.81,51,1
52,0,3.42,57,1
15,1,5.9,83,1
92,37,2.82,77,1
85,34,8.98,4,0
96,3,6.48,13,0
91,27,5.24,85,1
37,21,2.64,34,0
9,45,5.24,52,1
111,79,8.93,5,0
59,55,7.63,9,0
12,73,2.66,36,0
111,15,3.28,64,1
119,17,5.14,69,0
54,60,2.81,80,1
92,24,9.47,17,0
5,67,7.22,18,0
12,37,2.76,48,1
33,16,8.3,49,0
79,67,4.95,3,0
16,44,3.96,40,0
5,64,6.56,80,1
80,36,2.11,14,0
92,10,5.72,73,0
88,54,8.75,40,0
96,9,9.42,47,0
96,53,4.74,57,0
72,33,7.14,63,1
62,63,3.81,57,1
102,69,6.48,9,0
42,32,4.03,26,0
12,70,6.57,76,1
90,8,3.37,3,0
33,8,9.53,64,1
117,79,9.1,46,0
50,45,4.7,10,0
102,36,8.21,11,0
6,12,2.76,88,1
79,23,7.92,2,0
54,54,4.26,2,0
56,65,3.09,1,0
32,73,7.43,56,0
116,32,5.76,83,1
47,36,6.24,15,0
102,13,6.16,71,0
51,6,2.48,64,1
6,35,2.41,20,0
105,46,6.81,6,0
23,8,6.99,43,0
33,32,2.38,7,0
103,51,5.03,10,0
107,64,6.9,41,0
110,75,7.25,73,0
51,27,8.63,89,1
91,31,5.37,56,1
40,69,6.39,24,0
89,55,6.63,29,0
60,21,4.5,55,1
7,54,2.43,15,0
50,12,2.03,46,1
56,35,8.69,69,1
31,24,3.6,75,1
45,79,7.04,5,0
60,2,6.62,25,0
6,68,5.2,22,0
19,22,8.67,49,1
92,2,7.59,16,0
42,52,2.18,85,1
73,54,8.21,82,1
68,11,6.06,29,0
66,3,4.78,36,0
50,8,7.82,39,0
58,32,7.49,3,0
99,10,4.48,79,1
115,56,9.86,70,0
31,6,7.19,29,0
80,63,6.85,49,0
116,69,2.56,34,0
1,57,4.23,20,0
94,75,5.58,27,0
60,75,7.05,9,0
116,3,6.1,72,0
69,27,8.1,58,0
100,60,4.1,83,1
20,27,7.62,0,0
17,58,8.53,56,0
111,61,8.12,50,0
63,79,8.17,56,0
67,26,9.11,89,1
21,27,2.67,35,1
27,1,7.58,12,0
98,22,9.75,1,0
37,22,6.59,44,0
70,36,3.74,15,0
38,33,9.99,12,0
32,68,3.4,13,0
20,61,4.68,24,0
111,58,3.38,10,0
112,0,5.72,43,0
14,37,5.35,58,1
43,58,5.93,26,0
68,19,9.42,12,0
46,33,5.83,51,1
86,58,6.12,7,0
31,63,9.09,66,0
8,68,8.54,34,0
41,34,3.92,36,0
72,31,2.1,22,0
22,30,7.04,25,0
98,53,8.76,13,0
2,33,6.42,50,1
9,32,3.69,13,0
61,13,7.93,61,0
61,38,7.36,23,0
36,18,6.52,50,1
31,41,8.91,48,0
9,71,8.27,57,0
79,62,7.34,68,0
46,38,7.32,50,0
15,78,7.3,76,0
48,78,6.2,23,0
112,35,5.71,67,0
32,61,7.68,30,0
107,27,6.88,56,0
31,70,5.92,44,0
23,29,3.01,81,1
32,20,7.62,24,0
39,10,7.17,46,1
15,67,4.74,14,0
70,23,4.85,57,1
40,65,3.97,3,0
86,6,9.7,37,0
59,40,8.88,0,0
53,34,6.49,29,0
57,35,5.21,43,0
19,13,7.89,29,0
85,5,6.22,34,0
13,27,9.81,13,0
86,37,2.44,64,1
119,63,2.27,71,0
91,36,6.55,40,0
55,19,3.63,4,0
38,20,6.83,5,0
104,48,8.25,60,0
31,34,3.1,83,1
58,72,5.52,77,0
92,35,7.51,36,0
110,45,8.67,44,0
110,5,5.97,14,0
11,15,3.65,6,0
107,68,6.69,68,0
14,27,5.64,38,1
70,33,8.18,44,0
111,47,6.44,30,0
78,4,4.24,28,0
113,40,8.04,88,1
41,27,6.14,73,1
38,11,3.42,62,1
39,33,6.5,35,0
43,35,9.59,64,1
82,14,7.64,30,0
54,43,4.39,46,0
88,59,7.69,13,0
50,21,4.26,63,1
37,77,6.34,5,0
23,48,6.21,65,1
66,61,3.98,54,0
107,5,4.78,5,0
103,61,9.54,45,0
31,26,4.0,20,0
57,56,8.41,42,0
84,64,7.34,1,0
73,20,6.26,64,1
8,20,3.1,45,1
71,4,3.64,32,0
5,48,3.43,78,1
14,61,6.69,58,0
78,32,9.79,54,0
13,12,9.02,13,0
41,25,2.2,45,1
71,32,4.19,63,0
78,73,3.26,83,0
54,9,9.81,54,0
12,27,3.88,15,0
96,51,3.61,61,0
114,18,6.97,6,0
106,70,6.45,28,0
90,72,3.81,82,0
48,30,7.36,72,1
105,59,2.78,81,1
59,60,2.15,31,0
17,54,2.66,61,1
102,14,4.92,63,1
39,3,9.8,22,0
112,27,6.38,84,0
44,10,8.04,87,1
104,23,4.57,9,0
64,51,7.75,68,0
56,47,9.73,40,0
36,16,4.86,60,1
100,1,9.99,49,0
8,18,7.11,20,0
56,36,7.99,8,0
44,62,4.02,46,1
65,29,7.14,75,0
31,22,6.09,74,1
80,44,9.65,24,0
46,5,9.24,77,1
23,18,5.17,32,0
24,2,9.57,50,1
83,42,9.08,29,0
32,35,6.72,47,1
37,46,2.66,47,0
75,49,3.29,62,0
40,31,2.61,42,0
47,69,2.86,47,0
30,73,9.82,58,0
42,8,3.7,37,1
83,73,7.53,47,0
64,15,7.09,7,0
119,19,7.05,78,0
92,42,3.65,11,0
3,2,6.63,78,1
46,29,7.0,68,0
35,15,6.56,85,1
70,38,3.49,2,0
32,65,7.78,19,0
115,73,2.59,4,0
36,16,6.73,37,0
63,43,5.49,81,1
15,37,4.0,68,1
109,33,8.46,63,0
109,50,3.41,76,0
95,79,9.46,0,0
42,32,9.08,70,1
7,5,4.88,28,0
85,73,4.44,62,0
52,74,3.1,68,1
118,25,9.33,61,0
84,40,7.02,37,0
65,69,2.25,55,0
118,40,6.09,42,0
96,38,2.69,56,0
55,73,6.59,41,0
3,66,6.07,35,0
12,40,2.66,18,0
53,12,8.53,34,0
67,35,4.1,64,1
4,54,6.33,78,1
16,21,7.11,9,0
84,42,9.7,16,0
90,52,5.95,45,0
4,6,9.34,63,1
61,45,4.84,15,0
10,59,8.86,29,0
87,17,3.89,4,0
100,43,7.66,4,0
104,56,2.71,12,0
72,3,9.89,65,0
75,51,9.63,78,0
111,20,5.54,44,0
73,31,6.19,15,0
54,51,6.78,82,1
90,0,4.2,25,0
71,1,7.4,13,0
101,35,7.59,12,0
63,75,6.2,31,0
104,0,3.18,66,1
6,63,9.35,35,0
5,5,2.92,40,1
12,39,7.03,30,0
67,34,2.82,84,1
85,37,3.17,61,0
26,6,2.16,59,1
19,60,4.91,39,0
103,22,7.12,47,0
90,61,6.17,79,0
78,52,7.4,59,0
59,44,7.4,73,1
51,24,3.12,3,0
3,52,2.46,77,1
23,79,7.0,85,1
107,73,7.23,60,0
41,73,6.45,86,1
84,17,3.97,51,0
84,46,8.49,24,0
37,31,2.61,54,1
25,77,7.06,56,0
83,76,2.96,13,0
12,69,7.24,18,0
59,13,5.34,26,0
106,25,7.74,49,0
85,56,2.42,13,0
91,59,6.44,69,0
10,28,3.16,9,0
24,10,7.46,84,1
33,10,2.96,60,1
35,54,2.59,30,0
24,36,7.7,33,0
116,39,2.51,62,0
20,65,3.8,7,0
85,1,8.6,64,0
70,60,8.48,49,0
73,21,8.83,19,0
26,74,4.61,80,1
37,76,6.22,56,0
73,40,8.19,14,0
36,25,3.1,58,1
83,18,7.8,37,0
5,14,2.78,68,1
9,79,9.31,44,0
87,15,7.1,89,1
74,35,5.95,83,1
6,38,5.88,3,0
107,54,3.45,36,0
1,67,4.77,18,0
114,44,7.82,40,0
87,60,6.33,13,0
118,45,6.23,48,0
113,34,3.56,13,0
38,12,7.52,56,1
91,16,5.14,40,0
26,34,3.46,89,1
57,3,9.55,79,1
29,25,6.05,54,1
58,37,6.22,40,0
104,37,9.85,64,0
52,65,4.93,60,0
11,77,9.54,12,0
39,58,7.56,33,0
94,6,7.06,89,1
63,32,3.88,28,0
67,58,2.41,1,0
52,47,5.5,75,1
35,36,2.08,83,1
72,34,2.57,58,0
76,32,6.76,57,0
107,46,7.8,31,0
74,14,3.34,32,0
119,41,7.86,82,0
99,16,9.6,77,1
10,54,7.95,44,0
47,69,8.28,28,0
46,40,7.61,16,0
1,31,3.8,0,0
22,75,4.89,43,0
91,52,9.59,49,0
42,34,7.29,60,0
18,2,8.31,72,1
35,1,9.75,33,0
33,17,3.85,15,0
21,18,4.57,75,1
13,57,7.16,68,1
91,40,2.19,47,0
99,79,6.57,3,0
60,43,8.47,42,0
74,72,6.88,55,0
110,44,4.36,77,1
101,28,7.79,45,0
4,57,3.17,41,1
114,35,9.16,34,0
8,21,2.81,37,1
4,37,8.91,1,0
48,53,5.98,9,0
89,30,5.43,68,0
10,56,6.01,32,0
35,78,3.6,76,1
32,32,5.66,35,0
48,23,8.8,89,1
118,32,8.41,16,0
40,67,3.3,16,0
25,14,7.39,52,1
15,77,8.85,72,1
24,33,8.56,12,0
16,67,5.41,45,0
69,62,2.38,20,0
51,62,9.45,66,0
60,72,5.17,50,0
100,14,4.89,58,0
70,47,8.08,24,0
19,7,4.11,25,0
45,23,8.68,57,0
38,3,2.61,31,1
99,54,7.93,62,0
37,48,9.73,13,0
17,59,9.97,27,0
88,14,9.39,9,0
51,26,8.97,7,0
12,54,4.23,23,0
83,66,9.73,44,0
26,70,9.42,12,0
104,5,6.27,8,0
100,32,5.22,78,1
44,0,2.87,46,1
67,65,6.73,64,0
68,9,7.6,65,1
78,65,5.23,9,0
9,12,5.25,55,1
39,1,6.59,77,1
21,70,2.22,40,0
84,35,9.66,77,0
9,33,4.32,85,1
62,51,3.13,49,0
87,21,2.04,9,0
113,55,8.86,55,0
35,34,8.91,79,1
1,21,2.76,52,1
87,31,3.22,72,1
1,0,5.58,48,1
8,24,3.49,37,1
118,47,7.89,85,1
103,11,2.46,13,0
85,9,6.4,40,0
100,52,5.06,14,0
9,34,5.72,58,0
11,10,5.4,82,1
36,59,3.23,89,1
3,62,3.76,21,0
106,2,2.52,65,1
7,16,2.92,78,1
65,29,9.82,75,0
102,58,4.24,45,0
88,5,4.46,15,0
28,64,3.02,41,0
56,25,8.04,69,0
66,10,9.39,55,0
92,69,8.32,34,0
51,6,6.9,19,0
34,10,8.51,58,1
95,75,5.23,38,0
106,41,8.88,42,0
59,37,8.39,84,1
4,54,2.01,0,0
60,50,5.9,21,0
106,49,4.12,82,1
118,1,2.69,82,1
48,44,8.77,27,0
18,22,2.06,89,1
69,64,7.84,19,0
99,40,9.91,4,0
113,9,5.86,27,0
7,70,4.97,47,0
35,22,6.85,0,0
57,21,8.44,15,0
12,74,3.92,71,1
106,62,4.01,55,0
14,68,6.86,54,0
80,52,9.52,89,1
110,72,4.39,20,0
82,9,5.01,80,1
91,47,9.95,31,0
32,23,3.41,83,1
99,31,2.62,70,0
50,19,6.72,19,0
8,16,2.19,18,0
44,35,3.44,48,1
42,73,6.98,45,0
63,50,7.28,21,0
32,27,6.08,23,0
56,34,5.07,80,1
51,42,6.61,67,1
39,19,7.15,17,0
83,41,8.43,65,0
37,55,8.34,13,0
92,19,7.32,40,0
30,46,9.15,1,0
103,56,8.7,58,0
44,41,3.07,16,0
5,23,9.65,21,0
18,44,9.13,17,0
96,63,4.57,16,0
104,17,2.16,6,0
26,45,6.83,49,0
72,54,5.51,78,0
69,25,8.0,27,0
16,31,6.2,70,1
54,71,2.61,48,0
83,29,3.96,22,0
116,47,9.06,5,0
101,11,2.3,70,1
12,74,7.89,2,0
29,47,4.34,37,0
52,60,5.62,3,0
18,48,6.25,69,1
68,28,4.0,89,1
2,27,7.22,29,0
14,56,7.55,28,0
6,68,2.68,50,0
36,10,4.99,45,1
91,67,7.96,34,0
22,66,7.77,32,0
118,8,6.36,16,0
33,8,8.22,22,0
6,55,2.86,52,1
40,67,2.95,66,0
90,31,7.26,67,1
13,51,7.55,46,0
9,79,8.52,67,0
102,25,3.45,53,0
71,18,6.13,32,0
41,79,7.29,31,0
90,22,3.79,46,0
101,37,6.14,27,0
43,35,7.11,68,1
67,41,3.72,16,0
2,21,5.0,4,0
37,54,3.73,44,0
71,55,9.22,6,0
24,16,3.89,17,0
118,38,2.97,33,0
116,4,2.28,0,0
31,17,2.36,20,0
48,78,3.53,49,0
23,40,6.87,33,0
60,49,2.14,80,1
15,71,4.29,8,0
47,57,2.47,64,1
67,63,5.23,53,0
73,56,2.39,57,0
71,39,6.86,60,0
27,50,7.51,4,0
95,23,7.85,71,1
83,71,3.79,29,0
90,14,8.95,58,0
56,70,7.52,26,0
107,70,2.45,35,0
47,11,5.53,63,1
96,56,8.14,84,0
25,79,4.49,79,1
30,45,5.05,65,1
63,27,7.04,48,0
67,70,2.44,47,0
89,41,9.74,86,0
36,9,3.4,18,0
104,19,2.21,85,1
40,54,2.04,58,1
64,36,5.2,55,1
111,17,9.07,53,0
65,63,8.56,73,0
82,9,9.3,61,0
109,17,6.27,8,0
116,37,5.59,70,0
60,3,5.09,65,1
50,30,2.37,82,1
24,72,9.28,84,1
64,75,5.97,85,0
110,69,5.64,3,0
58,25,6.12,56,0
42,5,8.35,84,1
13,65,3.8,86,1
47,29,7.68,49,0
29,59,7.69,82,1
117,9,8.8,79,0
63,53,2.07,0,0
17,46,3.36,79,1
9,73,5.77,57,1
102,8,8.8,51,0
111,32,9.72,16,0
91,79,6.76,82,0
15,31,3.7,26,0
12,52,3.48,37,0
24,12,7.12,26,1
90,58,3.68,87,1
92,22,6.42,43,0
100,45,8.68,10,0
12,70,5.12,0,0
19,52,5.03,88,1
108,37,2.29,21,0
111,15,4.03,69,1
87,27,7.59,2,0
13,67,4.88,80,1
9,17,3.27,58,1
7,52,2.85,20,0
83,38,2.76,80,1
101,25,7.27,26,0
76,57,6.9,89,1
32,28,6.15,53,0
91,22,6.0,40,0
8,42,3.23,5,0
99,60,6.0,23,0
107,69,2.48,5,0
86,50,9.41,76,0
105,52,2.46,9,0
70,63,5.39,10,0
56,21,2.0,11,0
39,20,8.29,87,1
110,38,3.33,87,1
83,50,9.4,64,0
23,51,2.35,6,0
114,12,8.57,45,0
8,62,7.25,85,1
70,29,4.0,8,0
23,70,3.62,71,1
80,57,4.86,1,0
50,78,8.63,72,0
53,50,8.9,49,0
80,42,3.4,79,1
90,15,4.83,37,0
46,31,3.9,70,1
119,68,2.98,75,0
60,30,7.17,29,0
20,4,4.77,57,1
1,19,3.8,41,1
25,47,8.93,38,0
83,50,7.99,71,0
65,78,8.19,20,0
41,74,2.31,10,0
58,42,9.32,43,0
100,44,6.6,73,0
69,64,6.03,14,0
7,3,2.08,30,1
6,47,9.18,60,0
58,37,6.35,42,0
49,62,8.6,54,0
102,64,7.24,47,0
70,52,8.37,72,0
91,52,7.54,78,1
70,55,9.37,40,0
42,46,3.8,38,0
79,18,3.62,25,0
74,22,7.7,39,0
86,59,6.01,75,0
23,49,6.79,45,0
77,19,7.67,62,0
34,70,6.38,37,0
95,78,8.3,63,0
96,50,4.55,64,0
75,18,8.87,47,0
113,75,2.86,84,0
64,18,7.07,78,1
3,34,9.12,14,0
73,68,4.02,20,0
93,41,4.61,85,1
13,19,4.44,36,1
13,6,6.51,27,0
33,28,5.3,71,1
101,53,2.86,54,0
63,57,9.13,11,0
117,17,3.64,8,0
104,12,6.27,72,1
67,56,6.76,68,0
81,12,2.33,31,0
40,5,2.77,77,1
11,38,9.77,11,0
48,45,7.32,78,0
71,19,2.27,7,0
22,16,8.35,57,1
27,18,6.07,75,1
2,27,2.6,55,1
88,0,7.45,70,1
108,0,5.99,30,0
99,29,3.64,25,0
46,1,9.02,23,0
71,25,4.33,10,0
115,46,4.28,24,0
71,2,4.18,22,0
36,49,8.14,68,0
41,49,7.65,19,0
87,45,9.23,14,0
54,50,3.83,65,1
100,64,8.29,48,0
103,5,6.58,19,0
5,13,4.47,63,1
87,25,2.28,19,0
45,55,8.55,70,0
62,69,3.93,2,0
32,73,7.05,53,0
44,46,6.39,53,0
40,32,2.04,33,0
6,32,9.95,62,1
94,4,8.51,34,0
18,37,5.89,58,0
45,41,7.44,20,0
23,16,5.81,51,1
20,61,7.96,68,1
45,64,3.07,86,1
110,24,5.57,32,0
113,73,4.68,42,0
46,8,5.68,42,0
61,72,5.6,77,0
118,61,3.14,86,0
28,17,9.81,58,0
113,52,2.12,73,0
13,24,2.08,7,0
27,63,4.99,68,1
41,12,6.96,72,1
5,19,3.44,64,1
98,24,6.27,52,0
102,15,7.78,80,0
46,26,2.75,58,1
100,48,9.88,76,0
92,50,4.69,16,0
96,44,7.14,59,0
96,15,2.89,39,0
69,16,7.68,78,1
14,73,8.72,79,1
110,20,2.84,75,1
73,8,3.01,19,0
108,36,4.25,44,0
115,0,2.1,0,0
23,27,9.89,88,1
48,68,6.79,23,0
23,21,6.86,56,1
7,56,9.67,43,0
116,39,8.66,81,1
110,28,8.51,73,0
111,52,4.72,69,0
106,47,4.68,57,0
78,25,4.33,10,0
63,17,4.77,82,1
118,73,4.96,5,0
66,13,3.12,41,0
77,76,4.85,34,0
26,37,5.57,35,1
89,79,4.47,87,1
98,28,3.32,20,0
81,45,4.99,52,0
60,49,5.85,19,0
